Event time,label
2023-01-01 00:00:00,704
2023-01-01 00:15:00,213
2023-01-01 00:30:00,126
2023-01-01 00:45:00,167
2023-01-01 01:00:00,210
2023-01-01 01:15:00,153
2023-01-01 01:30:00,164
2023-01-01 01:45:00,143
2023-01-01 02:00:00,128
2023-01-01 02:15:00,145
2023-01-01 02:30:00,163
2023-01-01 02:45:00,187
2023-01-01 03:00:00,112
2023-01-01 03:15:00,117
2023-01-01 03:30:00,162
2023-01-01 03:45:00,147
2023-01-01 04:00:00,144
2023-01-01 04:15:00,235
2023-01-01 04:30:00,192
2023-01-01 04:45:00,188
2023-01-01 05:00:00,179
2023-01-01 05:15:00,175
2023-01-01 05:30:00,186
2023-01-01 05:45:00,178
2023-01-01 06:00:00,361
2023-01-01 06:15:00,336
2023-01-01 06:30:00,350
2023-01-01 06:45:00,309
2023-01-01 07:00:00,399
2023-01-01 07:15:00,364
2023-01-01 07:30:00,440
2023-01-01 07:45:00,378
2023-01-01 08:00:00,413
2023-01-01 08:15:00,404
2023-01-01 08:30:00,1499
2023-01-01 08:45:00,714
2023-01-01 09:00:00,6746
2023-01-01 09:15:00,419
2023-01-01 09:30:00,479
2023-01-01 09:45:00,575
2023-01-01 10:00:00,490
2023-01-01 10:15:00,465
2023-01-01 10:30:00,506
2023-01-01 10:45:00,498
2023-01-01 11:00:00,622
2023-01-01 11:15:00,547
2023-01-01 11:30:00,515
2023-01-01 11:45:00,576
2023-01-01 12:00:00,560
2023-01-01 12:15:00,543
2023-01-01 12:30:00,506
2023-01-01 12:45:00,474
2023-01-01 13:00:00,514
2023-01-01 13:15:00,455
2023-01-01 13:30:00,411
2023-01-01 13:45:00,417
2023-01-01 14:00:00,459
2023-01-01 14:15:00,556
2023-01-01 14:30:00,680
2023-01-01 14:45:00,688
2023-01-01 15:00:00,722
2023-01-01 15:15:00,578
2023-01-01 15:30:00,500
2023-01-01 15:45:00,546
2023-01-01 16:00:00,638
2023-01-01 16:15:00,541
2023-01-01 16:30:00,802
2023-01-01 16:45:00,551
2023-01-01 17:00:00,468
2023-01-01 17:15:00,531
2023-01-01 17:30:00,558
2023-01-01 17:45:00,528
2023-01-01 18:00:00,775
2023-01-01 18:15:00,589
2023-01-01 18:30:00,497
2023-01-01 18:45:00,583
2023-01-01 19:00:00,596
2023-01-01 19:15:00,442
2023-01-01 19:30:00,366
2023-01-01 19:45:00,307
2023-01-01 20:00:00,450
2023-01-01 20:15:00,396
2023-01-01 20:30:00,463
2023-01-01 20:45:00,316
2023-01-01 21:00:00,385
2023-01-01 21:15:00,332
2023-01-01 21:30:00,341
2023-01-01 21:45:00,327
2023-01-01 22:00:00,450
2023-01-01 22:15:00,196
2023-01-01 22:30:00,201
2023-01-01 22:45:00,280
2023-01-01 23:00:00,275
2023-01-01 23:15:00,169
2023-01-01 23:30:00,195
2023-01-01 23:45:00,194
2023-01-02 00:00:00,568
2023-01-02 00:15:00,158
2023-01-02 00:30:00,189
2023-01-02 00:45:00,133
2023-01-02 01:00:00,153
2023-01-02 01:15:00,213
2023-01-02 01:30:00,158
2023-01-02 01:45:00,128
2023-01-02 02:00:00,203
2023-01-02 02:15:00,150
2023-01-02 02:30:00,203
2023-01-02 02:45:00,212
2023-01-02 03:00:00,233
2023-01-02 03:15:00,155
2023-01-02 03:30:00,180
2023-01-02 03:45:00,236
2023-01-02 04:00:00,212
2023-01-02 04:15:00,231
2023-01-02 04:30:00,248
2023-01-02 04:45:00,227
2023-01-02 05:00:00,340
2023-01-02 05:15:00,369
2023-01-02 05:30:00,507
2023-01-02 05:45:00,553
2023-01-02 06:00:00,1159
2023-01-02 06:15:00,910
2023-01-02 06:30:00,802
2023-01-02 06:45:00,607
2023-01-02 07:00:00,928
2023-01-02 07:15:00,769
2023-01-02 07:30:00,768
2023-01-02 07:45:00,872
2023-01-02 08:00:00,1248
2023-01-02 08:15:00,1043
2023-01-02 08:30:00,3754
2023-01-02 08:45:00,864
2023-01-02 09:00:00,962
2023-01-02 09:15:00,831
2023-01-02 09:30:00,900
2023-01-02 09:45:00,866
2023-01-02 10:00:00,1199
2023-01-02 10:15:00,1097
2023-01-02 10:30:00,978
2023-01-02 10:45:00,931
2023-01-02 11:00:00,1056
2023-01-02 11:15:00,676
2023-01-02 11:30:00,724
2023-01-02 11:45:00,571
2023-01-02 12:00:00,747
2023-01-02 12:15:00,756
2023-01-02 12:30:00,869
2023-01-02 12:45:00,900
2023-01-02 13:00:00,876
2023-01-02 13:15:00,450
2023-01-02 13:30:00,591
2023-01-02 13:45:00,396
2023-01-02 14:00:00,718
2023-01-02 14:15:00,471
2023-01-02 14:30:00,629
2023-01-02 14:45:00,430
2023-01-02 15:00:00,614
2023-01-02 15:15:00,615
2023-01-02 15:30:00,634
2023-01-02 15:45:00,634
2023-01-02 16:00:00,632
2023-01-02 16:15:00,561
2023-01-02 16:30:00,531
2023-01-02 16:45:00,524
2023-01-02 17:00:00,763
2023-01-02 17:15:00,564
2023-01-02 17:30:00,547
2023-01-02 17:45:00,477
2023-01-02 18:00:00,518
2023-01-02 18:15:00,539
2023-01-02 18:30:00,638
2023-01-02 18:45:00,553
2023-01-02 19:00:00,490
2023-01-02 19:15:00,493
2023-01-02 19:30:00,458
2023-01-02 19:45:00,427
2023-01-02 20:00:00,435
2023-01-02 20:15:00,345
2023-01-02 20:30:00,258
2023-01-02 20:45:00,271
2023-01-02 21:00:00,375
2023-01-02 21:15:00,420
2023-01-02 21:30:00,361
2023-01-02 21:45:00,326
2023-01-02 22:00:00,339
2023-01-02 22:15:00,243
2023-01-02 22:30:00,229
2023-01-02 22:45:00,206
2023-01-02 23:00:00,326
2023-01-02 23:15:00,203
2023-01-02 23:30:00,179
2023-01-02 23:45:00,148
2023-01-03 00:00:00,541
2023-01-03 00:15:00,205
2023-01-03 00:30:00,172
2023-01-03 00:45:00,147
2023-01-03 01:00:00,182
2023-01-03 01:15:00,137
2023-01-03 01:30:00,173
2023-01-03 01:45:00,176
2023-01-03 02:00:00,272
2023-01-03 02:15:00,156
2023-01-03 02:30:00,213
2023-01-03 02:45:00,146
2023-01-03 03:00:00,229
2023-01-03 03:15:00,243
2023-01-03 03:30:00,166
2023-01-03 03:45:00,160
2023-01-03 04:00:00,205
2023-01-03 04:15:00,239
2023-01-03 04:30:00,177
2023-01-03 04:45:00,171
2023-01-03 05:00:00,284
2023-01-03 05:15:00,278
2023-01-03 05:30:00,391
2023-01-03 05:45:00,347
2023-01-03 06:00:00,538
2023-01-03 06:15:00,605
2023-01-03 06:30:00,510
2023-01-03 06:45:00,510
2023-01-03 07:00:00,621
2023-01-03 07:15:00,695
2023-01-03 07:30:00,654
2023-01-03 07:45:00,674
2023-01-03 08:00:00,745
2023-01-03 08:15:00,594
2023-01-03 08:30:00,527
2023-01-03 08:45:00,634
2023-01-03 09:00:00,604
2023-01-03 09:15:00,651
2023-01-03 09:30:00,676
2023-01-03 09:45:00,777
2023-01-03 10:00:00,698
2023-01-03 10:15:00,674
2023-01-03 10:30:00,597
2023-01-03 10:45:00,597
2023-01-03 11:00:00,860
2023-01-03 11:15:00,693
2023-01-03 11:30:00,694
2023-01-03 11:45:00,660
2023-01-03 12:00:00,737
2023-01-03 12:15:00,682
2023-01-03 12:30:00,752
2023-01-03 12:45:00,662
2023-01-03 13:00:00,548
2023-01-03 13:15:00,535
2023-01-03 13:30:00,497
2023-01-03 13:45:00,538
2023-01-03 14:00:00,574
2023-01-03 14:15:00,582
2023-01-03 14:30:00,573
2023-01-03 14:45:00,695
2023-01-03 15:00:00,661
2023-01-03 15:15:00,574
2023-01-03 15:30:00,518
2023-01-03 15:45:00,543
2023-01-03 16:00:00,562
2023-01-03 16:15:00,643
2023-01-03 16:30:00,565
2023-01-03 16:45:00,567
2023-01-03 17:00:00,555
2023-01-03 17:15:00,719
2023-01-03 17:30:00,669
2023-01-03 17:45:00,562
2023-01-03 18:00:00,582
2023-01-03 18:15:00,526
2023-01-03 18:30:00,463
2023-01-03 18:45:00,608
2023-01-03 19:00:00,668
2023-01-03 19:15:00,542
2023-01-03 19:30:00,511
2023-01-03 19:45:00,512
2023-01-03 20:00:00,540
2023-01-03 20:15:00,453
2023-01-03 20:30:00,479
2023-01-03 20:45:00,499
2023-01-03 21:00:00,475
2023-01-03 21:15:00,435
2023-01-03 21:30:00,433
2023-01-03 21:45:00,328
2023-01-03 22:00:00,317
2023-01-03 22:15:00,334
2023-01-03 22:30:00,207
2023-01-03 22:45:00,192
2023-01-03 23:00:00,192
2023-01-03 23:15:00,174
2023-01-03 23:30:00,120
2023-01-03 23:45:00,117
2023-01-04 00:00:00,531
2023-01-04 00:15:00,153
2023-01-04 00:30:00,141
2023-01-04 00:45:00,108
2023-01-04 01:00:00,125
2023-01-04 01:15:00,86
2023-01-04 01:30:00,115
2023-01-04 01:45:00,122
2023-01-04 02:00:00,83
2023-01-04 02:15:00,101
2023-01-04 02:30:00,155
2023-01-04 02:45:00,190
2023-01-04 03:00:00,181
2023-01-04 03:15:00,155
2023-01-04 03:30:00,104
2023-01-04 03:45:00,175
2023-01-04 04:00:00,93
2023-01-04 04:15:00,152
2023-01-04 04:30:00,142
2023-01-04 04:45:00,194
2023-01-04 05:00:00,247
2023-01-04 05:15:00,219
2023-01-04 05:30:00,332
2023-01-04 05:45:00,268
2023-01-04 06:00:00,472
2023-01-04 06:15:00,518
2023-01-04 06:30:00,574
2023-01-04 06:45:00,535
2023-01-04 07:00:00,603
2023-01-04 07:15:00,545
2023-01-04 07:30:00,583
2023-01-04 07:45:00,634
2023-01-04 08:00:00,1810
2023-01-04 08:15:00,1580
2023-01-04 08:30:00,619
2023-01-04 08:45:00,589
2023-01-04 09:00:00,744
2023-01-04 09:15:00,621
2023-01-04 09:30:00,620
2023-01-04 09:45:00,536
2023-01-04 10:00:00,769
2023-01-04 10:15:00,637
2023-01-04 10:30:00,864
2023-01-04 10:45:00,641
2023-01-04 11:00:00,637
2023-01-04 11:15:00,473
2023-01-04 11:30:00,583
2023-01-04 11:45:00,573
2023-01-04 12:00:00,702
2023-01-04 12:15:00,642
2023-01-04 12:30:00,578
2023-01-04 12:45:00,561
2023-01-04 13:00:00,674
2023-01-04 13:15:00,626
2023-01-04 13:30:00,605
2023-01-04 13:45:00,632
2023-01-04 14:00:00,644
2023-01-04 14:15:00,668
2023-01-04 14:30:00,662
2023-01-04 14:45:00,641
2023-01-04 15:00:00,615
2023-01-04 15:15:00,840
2023-01-04 15:30:00,697
2023-01-04 15:45:00,744
2023-01-04 16:00:00,822
2023-01-04 16:15:00,658
2023-01-04 16:30:00,672
2023-01-04 16:45:00,627
2023-01-04 17:00:00,640
2023-01-04 17:15:00,701
2023-01-04 17:30:00,587
2023-01-04 17:45:00,561
2023-01-04 18:00:00,535
2023-01-04 18:15:00,476
2023-01-04 18:30:00,469
2023-01-04 18:45:00,501
2023-01-04 19:00:00,595
2023-01-04 19:15:00,577
2023-01-04 19:30:00,488
2023-01-04 19:45:00,472
2023-01-04 20:00:00,496
2023-01-04 20:15:00,424
2023-01-04 20:30:00,417
2023-01-04 20:45:00,394
2023-01-04 21:00:00,415
2023-01-04 21:15:00,398
2023-01-04 21:30:00,346
2023-01-04 21:45:00,321
2023-01-04 22:00:00,283
2023-01-04 22:15:00,246
2023-01-04 22:30:00,867
2023-01-04 22:45:00,213
2023-01-04 23:00:00,238
2023-01-04 23:15:00,206
2023-01-04 23:30:00,134
2023-01-04 23:45:00,189
2023-01-05 00:00:00,552
2023-01-05 00:15:00,108
2023-01-05 00:30:00,111
2023-01-05 00:45:00,77
2023-01-05 01:00:00,111
2023-01-05 01:15:00,151
2023-01-05 01:30:00,120
2023-01-05 01:45:00,87
2023-01-05 02:00:00,156
2023-01-05 02:15:00,158
2023-01-05 02:30:00,216
2023-01-05 02:45:00,186
2023-01-05 03:00:00,193
2023-01-05 03:15:00,144
2023-01-05 03:30:00,186
2023-01-05 03:45:00,130
2023-01-05 04:00:00,136
2023-01-05 04:15:00,177
2023-01-05 04:30:00,155
2023-01-05 04:45:00,168
2023-01-05 05:00:00,222
2023-01-05 05:15:00,246
2023-01-05 05:30:00,241
2023-01-05 05:45:00,279
2023-01-05 06:00:00,462
2023-01-05 06:15:00,415
2023-01-05 06:30:00,470
2023-01-05 06:45:00,487
2023-01-05 07:00:00,535
2023-01-05 07:15:00,478
2023-01-05 07:30:00,485
2023-01-05 07:45:00,530
2023-01-05 08:00:00,591
2023-01-05 08:15:00,505
2023-01-05 08:30:00,488
2023-01-05 08:45:00,512
2023-01-05 09:00:00,615
2023-01-05 09:15:00,666
2023-01-05 09:30:00,488
2023-01-05 09:45:00,534
2023-01-05 10:00:00,557
2023-01-05 10:15:00,644
2023-01-05 10:30:00,522
2023-01-05 10:45:00,571
2023-01-05 11:00:00,745
2023-01-05 11:15:00,705
2023-01-05 11:30:00,672
2023-01-05 11:45:00,592
2023-01-05 12:00:00,667
2023-01-05 12:15:00,599
2023-01-05 12:30:00,623
2023-01-05 12:45:00,644
2023-01-05 13:00:00,651
2023-01-05 13:15:00,682
2023-01-05 13:30:00,733
2023-01-05 13:45:00,629
2023-01-05 14:00:00,646
2023-01-05 14:15:00,565
2023-01-05 14:30:00,781
2023-01-05 14:45:00,727
2023-01-05 15:00:00,850
2023-01-05 15:15:00,621
2023-01-05 15:30:00,588
2023-01-05 15:45:00,561
2023-01-05 16:00:00,631
2023-01-05 16:15:00,574
2023-01-05 16:30:00,507
2023-01-05 16:45:00,453
2023-01-05 17:00:00,474
2023-01-05 17:15:00,472
2023-01-05 17:30:00,574
2023-01-05 17:45:00,639
2023-01-05 18:00:00,478
2023-01-05 18:15:00,605
2023-01-05 18:30:00,804
2023-01-05 18:45:00,491
2023-01-05 19:00:00,768
2023-01-05 19:15:00,540
2023-01-05 19:30:00,502
2023-01-05 19:45:00,435
2023-01-05 20:00:00,420
2023-01-05 20:15:00,453
2023-01-05 20:30:00,379
2023-01-05 20:45:00,412
2023-01-05 21:00:00,288
2023-01-05 21:15:00,238
2023-01-05 21:30:00,274
2023-01-05 21:45:00,303
2023-01-05 22:00:00,344
2023-01-05 22:15:00,326
2023-01-05 22:30:00,224
2023-01-05 22:45:00,241
2023-01-05 23:00:00,227
2023-01-05 23:15:00,196
2023-01-05 23:30:00,126
2023-01-05 23:45:00,449
2023-01-06 00:00:00,641
2023-01-06 00:15:00,166
2023-01-06 00:30:00,214
2023-01-06 00:45:00,115
2023-01-06 01:00:00,142
2023-01-06 01:15:00,168
2023-01-06 01:30:00,128
2023-01-06 01:45:00,106
2023-01-06 02:00:00,110
2023-01-06 02:15:00,153
2023-01-06 02:30:00,174
2023-01-06 02:45:00,228
2023-01-06 03:00:00,209
2023-01-06 03:15:00,180
2023-01-06 03:30:00,119
2023-01-06 03:45:00,117
2023-01-06 04:00:00,165
2023-01-06 04:15:00,123
2023-01-06 04:30:00,136
2023-01-06 04:45:00,170
2023-01-06 05:00:00,190
2023-01-06 05:15:00,170
2023-01-06 05:30:00,237
2023-01-06 05:45:00,210
2023-01-06 06:00:00,420
2023-01-06 06:15:00,377
2023-01-06 06:30:00,413
2023-01-06 06:45:00,581
2023-01-06 07:00:00,2687
2023-01-06 07:15:00,566
2023-01-06 07:30:00,505
2023-01-06 07:45:00,543
2023-01-06 08:00:00,533
2023-01-06 08:15:00,592
2023-01-06 08:30:00,592
2023-01-06 08:45:00,520
2023-01-06 09:00:00,849
2023-01-06 09:15:00,582
2023-01-06 09:30:00,516
2023-01-06 09:45:00,677
2023-01-06 10:00:00,619
2023-01-06 10:15:00,652
2023-01-06 10:30:00,642
2023-01-06 10:45:00,474
2023-01-06 11:00:00,471
2023-01-06 11:15:00,493
2023-01-06 11:30:00,542
2023-01-06 11:45:00,558
2023-01-06 12:00:00,594
2023-01-06 12:15:00,608
2023-01-06 12:30:00,609
2023-01-06 12:45:00,544
2023-01-06 13:00:00,589
2023-01-06 13:15:00,508
2023-01-06 13:30:00,540
2023-01-06 13:45:00,589
2023-01-06 14:00:00,731
2023-01-06 14:15:00,552
2023-01-06 14:30:00,605
2023-01-06 14:45:00,647
2023-01-06 15:00:00,879
2023-01-06 15:15:00,637
2023-01-06 15:30:00,584
2023-01-06 15:45:00,961
2023-01-06 16:00:00,554
2023-01-06 16:15:00,577
2023-01-06 16:30:00,492
2023-01-06 16:45:00,593
2023-01-06 17:00:00,516
2023-01-06 17:15:00,357
2023-01-06 17:30:00,301
2023-01-06 17:45:00,375
2023-01-06 18:00:00,492
2023-01-06 18:15:00,467
2023-01-06 18:30:00,564
2023-01-06 18:45:00,488
2023-01-06 19:00:00,393
2023-01-06 19:15:00,373
2023-01-06 19:30:00,559
2023-01-06 19:45:00,448
2023-01-06 20:00:00,423
2023-01-06 20:15:00,395
2023-01-06 20:30:00,508
2023-01-06 20:45:00,573
2023-01-06 21:00:00,439
2023-01-06 21:15:00,451
2023-01-06 21:30:00,292
2023-01-06 21:45:00,363
2023-01-06 22:00:00,338
2023-01-06 22:15:00,326
2023-01-06 22:30:00,277
2023-01-06 22:45:00,294
2023-01-06 23:00:00,274
2023-01-06 23:15:00,208
2023-01-06 23:30:00,262
2023-01-06 23:45:00,300
2023-01-07 00:00:00,687
2023-01-07 00:15:00,230
2023-01-07 00:30:00,227
2023-01-07 00:45:00,201
2023-01-07 01:00:00,281
2023-01-07 01:15:00,229
2023-01-07 01:30:00,198
2023-01-07 01:45:00,159
2023-01-07 02:00:00,198
2023-01-07 02:15:00,193
2023-01-07 02:30:00,211
2023-01-07 02:45:00,120
2023-01-07 03:00:00,165
2023-01-07 03:15:00,116
2023-01-07 03:30:00,90
2023-01-07 03:45:00,156
2023-01-07 04:00:00,101
2023-01-07 04:15:00,141
2023-01-07 04:30:00,109
2023-01-07 04:45:00,72
2023-01-07 05:00:00,111
2023-01-07 05:15:00,147
2023-01-07 05:30:00,144
2023-01-07 05:45:00,194
2023-01-07 06:00:00,474
2023-01-07 06:15:00,401
2023-01-07 06:30:00,491
2023-01-07 06:45:00,451
2023-01-07 07:00:00,1069
2023-01-07 07:15:00,545
2023-01-07 07:30:00,505
2023-01-07 07:45:00,563
2023-01-07 08:00:00,513
2023-01-07 08:15:00,592
2023-01-07 08:30:00,566
2023-01-07 08:45:00,465
2023-01-07 09:00:00,715
2023-01-07 09:15:00,601
2023-01-07 09:30:00,664
2023-01-07 09:45:00,688
2023-01-07 10:00:00,709
2023-01-07 10:15:00,686
2023-01-07 10:30:00,728
2023-01-07 10:45:00,616
2023-01-07 11:00:00,725
2023-01-07 11:15:00,670
2023-01-07 11:30:00,758
2023-01-07 11:45:00,668
2023-01-07 12:00:00,711
2023-01-07 12:15:00,683
2023-01-07 12:30:00,659
2023-01-07 12:45:00,580
2023-01-07 13:00:00,560
2023-01-07 13:15:00,528
2023-01-07 13:30:00,522
2023-01-07 13:45:00,491
2023-01-07 14:00:00,594
2023-01-07 14:15:00,664
2023-01-07 14:30:00,689
2023-01-07 14:45:00,575
2023-01-07 15:00:00,674
2023-01-07 15:15:00,646
2023-01-07 15:30:00,622
2023-01-07 15:45:00,551
2023-01-07 16:00:00,649
2023-01-07 16:15:00,567
2023-01-07 16:30:00,597
2023-01-07 16:45:00,602
2023-01-07 17:00:00,594
2023-01-07 17:15:00,610
2023-01-07 17:30:00,707
2023-01-07 17:45:00,525
2023-01-07 18:00:00,630
2023-01-07 18:15:00,566
2023-01-07 18:30:00,549
2023-01-07 18:45:00,478
2023-01-07 19:00:00,535
2023-01-07 19:15:00,563
2023-01-07 19:30:00,558
2023-01-07 19:45:00,503
2023-01-07 20:00:00,484
2023-01-07 20:15:00,547
2023-01-07 20:30:00,537
2023-01-07 20:45:00,402
2023-01-07 21:00:00,387
2023-01-07 21:15:00,361
2023-01-07 21:30:00,347
2023-01-07 21:45:00,497
2023-01-07 22:00:00,335
2023-01-07 22:15:00,341
2023-01-07 22:30:00,368
2023-01-07 22:45:00,292
2023-01-07 23:00:00,356
2023-01-07 23:15:00,277
2023-01-07 23:30:00,227
2023-01-07 23:45:00,218
2023-01-08 00:00:00,573
2023-01-08 00:15:00,240
2023-01-08 00:30:00,275
2023-01-08 00:45:00,171
2023-01-08 01:00:00,182
2023-01-08 01:15:00,142
2023-01-08 01:30:00,127
2023-01-08 01:45:00,138
2023-01-08 02:00:00,100
2023-01-08 02:15:00,53
2023-01-08 02:30:00,112
2023-01-08 02:45:00,148
2023-01-08 03:00:00,174
2023-01-08 03:15:00,43
2023-01-08 03:30:00,60
2023-01-08 03:45:00,121
2023-01-08 04:00:00,96
2023-01-08 04:15:00,216
2023-01-08 04:30:00,147
2023-01-08 04:45:00,110
2023-01-08 05:00:00,96
2023-01-08 05:15:00,100
2023-01-08 05:30:00,112
2023-01-08 05:45:00,90
2023-01-08 06:00:00,259
2023-01-08 06:15:00,317
2023-01-08 06:30:00,385
2023-01-08 06:45:00,289
2023-01-08 07:00:00,354
2023-01-08 07:15:00,260
2023-01-08 07:30:00,531
2023-01-08 07:45:00,487
2023-01-08 08:00:00,2316
2023-01-08 08:15:00,432
2023-01-08 08:30:00,1846
2023-01-08 08:45:00,405
2023-01-08 09:00:00,544
2023-01-08 09:15:00,352
2023-01-08 09:30:00,412
2023-01-08 09:45:00,471
2023-01-08 10:00:00,368
2023-01-08 10:15:00,495
2023-01-08 10:30:00,486
2023-01-08 10:45:00,556
2023-01-08 11:00:00,707
2023-01-08 11:15:00,428
2023-01-08 11:30:00,456
2023-01-08 11:45:00,430
2023-01-08 12:00:00,9459
2023-01-08 12:15:00,525
2023-01-08 12:30:00,550
2023-01-08 12:45:00,642
2023-01-08 13:00:00,652
2023-01-08 13:15:00,592
2023-01-08 13:30:00,445
2023-01-08 13:45:00,419
2023-01-08 14:00:00,396
2023-01-08 14:15:00,502
2023-01-08 14:30:00,591
2023-01-08 14:45:00,611
2023-01-08 15:00:00,823
2023-01-08 15:15:00,626
2023-01-08 15:30:00,646
2023-01-08 15:45:00,451
2023-01-08 16:00:00,450
2023-01-08 16:15:00,517
2023-01-08 16:30:00,458
2023-01-08 16:45:00,505
2023-01-08 17:00:00,521
2023-01-08 17:15:00,504
2023-01-08 17:30:00,589
2023-01-08 17:45:00,640
2023-01-08 18:00:00,673
2023-01-08 18:15:00,393
2023-01-08 18:30:00,513
2023-01-08 18:45:00,450
2023-01-08 19:00:00,414
2023-01-08 19:15:00,484
2023-01-08 19:30:00,403
2023-01-08 19:45:00,387
2023-01-08 20:00:00,402
2023-01-08 20:15:00,399
2023-01-08 20:30:00,409
2023-01-08 20:45:00,344
2023-01-08 21:00:00,276
2023-01-08 21:15:00,327
2023-01-08 21:30:00,284
2023-01-08 21:45:00,285
2023-01-08 22:00:00,298
2023-01-08 22:15:00,262
2023-01-08 22:30:00,214
2023-01-08 22:45:00,245
2023-01-08 23:00:00,344
2023-01-08 23:15:00,171
2023-01-08 23:30:00,191
2023-01-08 23:45:00,189
2023-01-09 00:00:00,726
2023-01-09 00:15:00,174
2023-01-09 00:30:00,79
2023-01-09 00:45:00,104
2023-01-09 01:00:00,122
2023-01-09 01:15:00,88
2023-01-09 01:30:00,104
2023-01-09 01:45:00,158
2023-01-09 02:00:00,338
2023-01-09 02:15:00,442
2023-01-09 02:30:00,390
2023-01-09 02:45:00,294
2023-01-09 03:00:00,134
2023-01-09 03:15:00,88
2023-01-09 03:30:00,109
2023-01-09 03:45:00,185
2023-01-09 04:00:00,151
2023-01-09 04:15:00,124
2023-01-09 04:30:00,223
2023-01-09 04:45:00,242
2023-01-09 05:00:00,264
2023-01-09 05:15:00,206
2023-01-09 05:30:00,245
2023-01-09 05:45:00,318
2023-01-09 06:00:00,540
2023-01-09 06:15:00,445
2023-01-09 06:30:00,375
2023-01-09 06:45:00,417
2023-01-09 07:00:00,617
2023-01-09 07:15:00,827
2023-01-09 07:30:00,715
2023-01-09 07:45:00,701
2023-01-09 08:00:00,733
2023-01-09 08:15:00,647
2023-01-09 08:30:00,764
2023-01-09 08:45:00,707
2023-01-09 09:00:00,813
2023-01-09 09:15:00,650
2023-01-09 09:30:00,689
2023-01-09 09:45:00,576
2023-01-09 10:00:00,800
2023-01-09 10:15:00,660
2023-01-09 10:30:00,654
2023-01-09 10:45:00,654
2023-01-09 11:00:00,822
2023-01-09 11:15:00,555
2023-01-09 11:30:00,575
2023-01-09 11:45:00,523
2023-01-09 12:00:00,576
2023-01-09 12:15:00,783
2023-01-09 12:30:00,874
2023-01-09 12:45:00,849
2023-01-09 13:00:00,827
2023-01-09 13:15:00,731
2023-01-09 13:30:00,649
2023-01-09 13:45:00,729
2023-01-09 14:00:00,740
2023-01-09 14:15:00,728
2023-01-09 14:30:00,575
2023-01-09 14:45:00,543
2023-01-09 15:00:00,642
2023-01-09 15:15:00,909
2023-01-09 15:30:00,1015
2023-01-09 15:45:00,1017
2023-01-09 16:00:00,1078
2023-01-09 16:15:00,1089
2023-01-09 16:30:00,1010
2023-01-09 16:45:00,998
2023-01-09 17:00:00,1059
2023-01-09 17:15:00,955
2023-01-09 17:30:00,1020
2023-01-09 17:45:00,998
2023-01-09 18:00:00,1289
2023-01-09 18:15:00,1054
2023-01-09 18:30:00,997
2023-01-09 18:45:00,803
2023-01-09 19:00:00,623
2023-01-09 19:15:00,892
2023-01-09 19:30:00,822
2023-01-09 19:45:00,771
2023-01-09 20:00:00,742
2023-01-09 20:15:00,755
2023-01-09 20:30:00,762
2023-01-09 20:45:00,481
2023-01-09 21:00:00,421
2023-01-09 21:15:00,247
2023-01-09 21:30:00,217
2023-01-09 21:45:00,260
2023-01-09 22:00:00,425
2023-01-09 22:15:00,559
2023-01-09 22:30:00,585
2023-01-09 22:45:00,532
2023-01-09 23:00:00,599
2023-01-09 23:15:00,613
2023-01-09 23:30:00,602
2023-01-09 23:45:00,449
2023-01-10 00:00:00,402
2023-01-10 00:15:00,125
2023-01-10 00:30:00,161
2023-01-10 00:45:00,163
2023-01-10 01:00:00,71
2023-01-10 01:15:00,146
2023-01-10 01:30:00,93
2023-01-10 01:45:00,165
2023-01-10 02:00:00,186
2023-01-10 02:15:00,115
2023-01-10 02:30:00,85
2023-01-10 02:45:00,110
2023-01-10 03:00:00,147
2023-01-10 03:15:00,90
2023-01-10 03:30:00,155
2023-01-10 03:45:00,103
2023-01-10 04:00:00,132
2023-01-10 04:15:00,88
2023-01-10 04:30:00,198
2023-01-10 04:45:00,184
2023-01-10 05:00:00,114
2023-01-10 05:15:00,146
2023-01-10 05:30:00,162
2023-01-10 05:45:00,164
2023-01-10 06:00:00,401
2023-01-10 06:15:00,387
2023-01-10 06:30:00,350
2023-01-10 06:45:00,343
2023-01-10 07:00:00,441
2023-01-10 07:15:00,361
2023-01-10 07:30:00,336
2023-01-10 07:45:00,423
2023-01-10 08:00:00,619
2023-01-10 08:15:00,444
2023-01-10 08:30:00,572
2023-01-10 08:45:00,482
2023-01-10 09:00:00,540
2023-01-10 09:15:00,593
2023-01-10 09:30:00,641
2023-01-10 09:45:00,623
2023-01-10 10:00:00,738
2023-01-10 10:15:00,645
2023-01-10 10:30:00,672
2023-01-10 10:45:00,740
2023-01-10 11:00:00,809
2023-01-10 11:15:00,821
2023-01-10 11:30:00,768
2023-01-10 11:45:00,625
2023-01-10 12:00:00,684
2023-01-10 12:15:00,566
2023-01-10 12:30:00,677
2023-01-10 12:45:00,594
2023-01-10 13:00:00,592
2023-01-10 13:15:00,586
2023-01-10 13:30:00,683
2023-01-10 13:45:00,744
2023-01-10 14:00:00,939
2023-01-10 14:15:00,1058
2023-01-10 14:30:00,1376
2023-01-10 14:45:00,1143
2023-01-10 15:00:00,1113
2023-01-10 15:15:00,1002
2023-01-10 15:30:00,1026
2023-01-10 15:45:00,906
2023-01-10 16:00:00,659
2023-01-10 16:15:00,716
2023-01-10 16:30:00,814
2023-01-10 16:45:00,553
2023-01-10 17:00:00,664
2023-01-10 17:15:00,910
2023-01-10 17:30:00,1280
2023-01-10 17:45:00,1039
2023-01-10 18:00:00,934
2023-01-10 18:15:00,879
2023-01-10 18:30:00,914
2023-01-10 18:45:00,751
2023-01-10 19:00:00,796
2023-01-10 19:15:00,786
2023-01-10 19:30:00,822
2023-01-10 19:45:00,820
2023-01-10 20:00:00,787
2023-01-10 20:15:00,783
2023-01-10 20:30:00,744
2023-01-10 20:45:00,423
2023-01-10 21:00:00,330
2023-01-10 21:15:00,311
2023-01-10 21:30:00,297
2023-01-10 21:45:00,233
2023-01-10 22:00:00,279
2023-01-10 22:15:00,218
2023-01-10 22:30:00,255
2023-01-10 22:45:00,267
2023-01-10 23:00:00,715
2023-01-10 23:15:00,885
2023-01-10 23:30:00,798
2023-01-10 23:45:00,851
2023-01-11 00:00:00,1438
2023-01-11 00:15:00,665
2023-01-11 00:30:00,572
2023-01-11 00:45:00,540
2023-01-11 01:00:00,484
2023-01-11 01:15:00,570
2023-01-11 01:30:00,668
2023-01-11 01:45:00,512
2023-01-11 02:00:00,484
2023-01-11 02:15:00,569
2023-01-11 02:30:00,516
2023-01-11 02:45:00,533
2023-01-11 03:00:00,467
2023-01-11 03:15:00,514
2023-01-11 03:30:00,542
2023-01-11 03:45:00,550
2023-01-11 04:00:00,585
2023-01-11 04:15:00,570
2023-01-11 04:30:00,564
2023-01-11 04:45:00,640
2023-01-11 05:00:00,312
2023-01-11 05:15:00,196
2023-01-11 05:30:00,210
2023-01-11 05:45:00,218
2023-01-11 06:00:00,337
2023-01-11 06:15:00,469
2023-01-11 06:30:00,445
2023-01-11 06:45:00,446
2023-01-11 07:00:00,436
2023-01-11 07:15:00,387
2023-01-11 07:30:00,460
2023-01-11 07:45:00,484
2023-01-11 08:00:00,1999
2023-01-11 08:15:00,476
2023-01-11 08:30:00,453
2023-01-11 08:45:00,481
2023-01-11 09:00:00,559
2023-01-11 09:15:00,643
2023-01-11 09:30:00,704
2023-01-11 09:45:00,989
2023-01-11 10:00:00,983
2023-01-11 10:15:00,957
2023-01-11 10:30:00,1078
2023-01-11 10:45:00,910
2023-01-11 11:00:00,967
2023-01-11 11:15:00,1989
2023-01-11 11:30:00,1395
2023-01-11 11:45:00,969
2023-01-11 12:00:00,1645
2023-01-11 12:15:00,1871
2023-01-11 12:30:00,973
2023-01-11 12:45:00,948
2023-01-11 13:00:00,2022
2023-01-11 13:15:00,1272
2023-01-11 13:30:00,2577
2023-01-11 13:45:00,610
2023-01-11 14:00:00,765
2023-01-11 14:15:00,701
2023-01-11 14:30:00,622
2023-01-11 14:45:00,651
2023-01-11 15:00:00,5145
2023-01-11 15:15:00,7188
2023-01-11 15:30:00,1394
2023-01-11 15:45:00,1012
2023-01-11 16:00:00,1206
2023-01-11 16:15:00,1095
2023-01-11 16:30:00,1004
2023-01-11 16:45:00,958
2023-01-11 17:00:00,1065
2023-01-11 17:15:00,594
2023-01-11 17:30:00,574
2023-01-11 17:45:00,557
2023-01-11 18:00:00,808
2023-01-11 18:15:00,934
2023-01-11 18:30:00,968
2023-01-11 18:45:00,855
2023-01-11 19:00:00,848
2023-01-11 19:15:00,856
2023-01-11 19:30:00,941
2023-01-11 19:45:00,1114
2023-01-11 20:00:00,596
2023-01-11 20:15:00,355
2023-01-11 20:30:00,349
2023-01-11 20:45:00,461
2023-01-11 21:00:00,366
2023-01-11 21:15:00,292
2023-01-11 21:30:00,315
2023-01-11 21:45:00,292
2023-01-11 22:00:00,248
2023-01-11 22:15:00,262
2023-01-11 22:30:00,369
2023-01-11 22:45:00,300
2023-01-11 23:00:00,329
2023-01-11 23:15:00,245
2023-01-11 23:30:00,256
2023-01-11 23:45:00,233
2023-01-12 00:00:00,678
2023-01-12 00:15:00,227
2023-01-12 00:30:00,178
2023-01-12 00:45:00,309
2023-01-12 01:00:00,292
2023-01-12 01:15:00,136
2023-01-12 01:30:00,188
2023-01-12 01:45:00,151
2023-01-12 02:00:00,128
2023-01-12 02:15:00,146
2023-01-12 02:30:00,155
2023-01-12 02:45:00,155
2023-01-12 03:00:00,150
2023-01-12 03:15:00,185
2023-01-12 03:30:00,171
2023-01-12 03:45:00,155
2023-01-12 04:00:00,161
2023-01-12 04:15:00,211
2023-01-12 04:30:00,325
2023-01-12 04:45:00,232
2023-01-12 05:00:00,252
2023-01-12 05:15:00,305
2023-01-12 05:30:00,306
2023-01-12 05:45:00,336
2023-01-12 06:00:00,506
2023-01-12 06:15:00,465
2023-01-12 06:30:00,448
2023-01-12 06:45:00,440
2023-01-12 07:00:00,610
2023-01-12 07:15:00,793
2023-01-12 07:30:00,580
2023-01-12 07:45:00,661
2023-01-12 08:00:00,2008
2023-01-12 08:15:00,621
2023-01-12 08:30:00,1345
2023-01-12 08:45:00,575
2023-01-12 09:00:00,660
2023-01-12 09:15:00,641
2023-01-12 09:30:00,630
2023-01-12 09:45:00,1222
2023-01-12 10:00:00,1427
2023-01-12 10:15:00,695
2023-01-12 10:30:00,1642
2023-01-12 10:45:00,428
2023-01-12 11:00:00,481
2023-01-12 11:15:00,384
2023-01-12 11:30:00,1166
2023-01-12 11:45:00,531
2023-01-12 12:00:00,747
2023-01-12 12:15:00,617
2023-01-12 12:30:00,545
2023-01-12 12:45:00,639
2023-01-12 13:00:00,803
2023-01-12 13:15:00,685
2023-01-12 13:30:00,10689
2023-01-12 13:45:00,676
2023-01-12 14:00:00,718
2023-01-12 14:15:00,730
2023-01-12 14:30:00,644
2023-01-12 14:45:00,677
2023-01-12 15:00:00,744
2023-01-12 15:15:00,651
2023-01-12 15:30:00,605
2023-01-12 15:45:00,665
2023-01-12 16:00:00,1040
2023-01-12 16:15:00,1012
2023-01-12 16:30:00,988
2023-01-12 16:45:00,1086
2023-01-12 17:00:00,1038
2023-01-12 17:15:00,1013
2023-01-12 17:30:00,897
2023-01-12 17:45:00,702
2023-01-12 18:00:00,773
2023-01-12 18:15:00,552
2023-01-12 18:30:00,1637
2023-01-12 18:45:00,527
2023-01-12 19:00:00,529
2023-01-12 19:15:00,565
2023-01-12 19:30:00,472
2023-01-12 19:45:00,504
2023-01-12 20:00:00,493
2023-01-12 20:15:00,578
2023-01-12 20:30:00,959
2023-01-12 20:45:00,402
2023-01-12 21:00:00,480
2023-01-12 21:15:00,878
2023-01-12 21:30:00,365
2023-01-12 21:45:00,351
2023-01-12 22:00:00,797
2023-01-12 22:15:00,411
2023-01-12 22:30:00,427
2023-01-12 22:45:00,377
2023-01-12 23:00:00,388
2023-01-12 23:15:00,351
2023-01-12 23:30:00,321
2023-01-12 23:45:00,297
2023-01-13 00:00:00,673
2023-01-13 00:15:00,251
2023-01-13 00:30:00,303
2023-01-13 00:45:00,285
2023-01-13 01:00:00,256
2023-01-13 01:15:00,182
2023-01-13 01:30:00,183
2023-01-13 01:45:00,215
2023-01-13 02:00:00,206
2023-01-13 02:15:00,195
2023-01-13 02:30:00,170
2023-01-13 02:45:00,211
2023-01-13 03:00:00,179
2023-01-13 03:15:00,181
2023-01-13 03:30:00,185
2023-01-13 03:45:00,189
2023-01-13 04:00:00,202
2023-01-13 04:15:00,201
2023-01-13 04:30:00,206
2023-01-13 04:45:00,256
2023-01-13 05:00:00,278
2023-01-13 05:15:00,199
2023-01-13 05:30:00,221
2023-01-13 05:45:00,331
2023-01-13 06:00:00,527
2023-01-13 06:15:00,539
2023-01-13 06:30:00,569
2023-01-13 06:45:00,615
2023-01-13 07:00:00,4876
2023-01-13 07:15:00,883
2023-01-13 07:30:00,731
2023-01-13 07:45:00,682
2023-01-13 08:00:00,940
2023-01-13 08:15:00,735
2023-01-13 08:30:00,771
2023-01-13 08:45:00,3412
2023-01-13 09:00:00,912
2023-01-13 09:15:00,822
2023-01-13 09:30:00,809
2023-01-13 09:45:00,832
2023-01-13 10:00:00,955
2023-01-13 10:15:00,836
2023-01-13 10:30:00,766
2023-01-13 10:45:00,801
2023-01-13 11:00:00,764
2023-01-13 11:15:00,661
2023-01-13 11:30:00,760
2023-01-13 11:45:00,806
2023-01-13 12:00:00,725
2023-01-13 12:15:00,585
2023-01-13 12:30:00,710
2023-01-13 12:45:00,856
2023-01-13 13:00:00,829
2023-01-13 13:15:00,673
2023-01-13 13:30:00,731
2023-01-13 13:45:00,822
2023-01-13 14:00:00,822
2023-01-13 14:15:00,744
2023-01-13 14:30:00,810
2023-01-13 14:45:00,1203
2023-01-13 15:00:00,1064
2023-01-13 15:15:00,1027
2023-01-13 15:30:00,1022
2023-01-13 15:45:00,695
2023-01-13 16:00:00,766
2023-01-13 16:15:00,735
2023-01-13 16:30:00,627
2023-01-13 16:45:00,704
2023-01-13 17:00:00,633
2023-01-13 17:15:00,739
2023-01-13 17:30:00,885
2023-01-13 17:45:00,823
2023-01-13 18:00:00,875
2023-01-13 18:15:00,784
2023-01-13 18:30:00,808
2023-01-13 18:45:00,865
2023-01-13 19:00:00,902
2023-01-13 19:15:00,799
2023-01-13 19:30:00,610
2023-01-13 19:45:00,632
2023-01-13 20:00:00,548
2023-01-13 20:15:00,589
2023-01-13 20:30:00,526
2023-01-13 20:45:00,934
2023-01-13 21:00:00,424
2023-01-13 21:15:00,437
2023-01-13 21:30:00,558
2023-01-13 21:45:00,522
2023-01-13 22:00:00,494
2023-01-13 22:15:00,359
2023-01-13 22:30:00,392
2023-01-13 22:45:00,460
2023-01-13 23:00:00,442
2023-01-13 23:15:00,457
2023-01-13 23:30:00,397
2023-01-13 23:45:00,411
2023-01-14 00:00:00,865
2023-01-14 00:15:00,389
2023-01-14 00:30:00,418
2023-01-14 00:45:00,375
2023-01-14 01:00:00,297
2023-01-14 01:15:00,244
2023-01-14 01:30:00,283
2023-01-14 01:45:00,287
2023-01-14 02:00:00,292
2023-01-14 02:15:00,269
2023-01-14 02:30:00,244
2023-01-14 02:45:00,225
2023-01-14 03:00:00,201
2023-01-14 03:15:00,186
2023-01-14 03:30:00,199
2023-01-14 03:45:00,238
2023-01-14 04:00:00,229
2023-01-14 04:15:00,232
2023-01-14 04:30:00,239
2023-01-14 04:45:00,245
2023-01-14 05:00:00,279
2023-01-14 05:15:00,257
2023-01-14 05:30:00,262
2023-01-14 05:45:00,209
2023-01-14 06:00:00,325
2023-01-14 06:15:00,457
2023-01-14 06:30:00,438
2023-01-14 06:45:00,437
2023-01-14 07:00:00,622
2023-01-14 07:15:00,781
2023-01-14 07:30:00,528
2023-01-14 07:45:00,604
2023-01-14 08:00:00,633
2023-01-14 08:15:00,534
2023-01-14 08:30:00,766
2023-01-14 08:45:00,672
2023-01-14 09:00:00,803
2023-01-14 09:15:00,657
2023-01-14 09:30:00,655
2023-01-14 09:45:00,779
2023-01-14 10:00:00,865
2023-01-14 10:15:00,837
2023-01-14 10:30:00,898
2023-01-14 10:45:00,955
2023-01-14 11:00:00,906
2023-01-14 11:15:00,801
2023-01-14 11:30:00,887
2023-01-14 11:45:00,854
2023-01-14 12:00:00,876
2023-01-14 12:15:00,796
2023-01-14 12:30:00,816
2023-01-14 12:45:00,758
2023-01-14 13:00:00,793
2023-01-14 13:15:00,814
2023-01-14 13:30:00,952
2023-01-14 13:45:00,707
2023-01-14 14:00:00,765
2023-01-14 14:15:00,673
2023-01-14 14:30:00,705
2023-01-14 14:45:00,834
2023-01-14 15:00:00,897
2023-01-14 15:15:00,814
2023-01-14 15:30:00,741
2023-01-14 15:45:00,629
2023-01-14 16:00:00,786
2023-01-14 16:15:00,698
2023-01-14 16:30:00,745
2023-01-14 16:45:00,1069
2023-01-14 17:00:00,938
2023-01-14 17:15:00,1129
2023-01-14 17:30:00,1014
2023-01-14 17:45:00,874
2023-01-14 18:00:00,751
2023-01-14 18:15:00,613
2023-01-14 18:30:00,691
2023-01-14 18:45:00,841
2023-01-14 19:00:00,806
2023-01-14 19:15:00,747
2023-01-14 19:30:00,822
2023-01-14 19:45:00,1009
2023-01-14 20:00:00,1072
2023-01-14 20:15:00,881
2023-01-14 20:30:00,862
2023-01-14 20:45:00,774
2023-01-14 21:00:00,676
2023-01-14 21:15:00,532
2023-01-14 21:30:00,436
2023-01-14 21:45:00,455
2023-01-14 22:00:00,616
2023-01-14 22:15:00,525
2023-01-14 22:30:00,513
2023-01-14 22:45:00,504
2023-01-14 23:00:00,495
2023-01-14 23:15:00,466
2023-01-14 23:30:00,425
2023-01-14 23:45:00,429
2023-01-15 00:00:00,705
2023-01-15 00:15:00,343
2023-01-15 00:30:00,469
2023-01-15 00:45:00,324
2023-01-15 01:00:00,333
2023-01-15 01:15:00,271
2023-01-15 01:30:00,262
2023-01-15 01:45:00,241
2023-01-15 02:00:00,248
2023-01-15 02:15:00,266
2023-01-15 02:30:00,222
2023-01-15 02:45:00,173
2023-01-15 03:00:00,379
2023-01-15 03:15:00,273
2023-01-15 03:30:00,296
2023-01-15 03:45:00,311
2023-01-15 04:00:00,291
2023-01-15 04:15:00,302
2023-01-15 04:30:00,274
2023-01-15 04:45:00,244
2023-01-15 05:00:00,313
2023-01-15 05:15:00,262
2023-01-15 05:30:00,258
2023-01-15 05:45:00,230
2023-01-15 06:00:00,388
2023-01-15 06:15:00,378
2023-01-15 06:30:00,593
2023-01-15 06:45:00,505
2023-01-15 07:00:00,507
2023-01-15 07:15:00,561
2023-01-15 07:30:00,671
2023-01-15 07:45:00,537
2023-01-15 08:00:00,3608
2023-01-15 08:15:00,685
2023-01-15 08:30:00,2370
2023-01-15 08:45:00,911
2023-01-15 09:00:00,1400
2023-01-15 09:15:00,737
2023-01-15 09:30:00,1069
2023-01-15 09:45:00,1210
2023-01-15 10:00:00,770
2023-01-15 10:15:00,771
2023-01-15 10:30:00,846
2023-01-15 10:45:00,3298
2023-01-15 11:00:00,923
2023-01-15 11:15:00,789
2023-01-15 11:30:00,724
2023-01-15 11:45:00,600
2023-01-15 12:00:00,2512
2023-01-15 12:15:00,865
2023-01-15 12:30:00,1128
2023-01-15 12:45:00,1240
2023-01-15 13:00:00,1078
2023-01-15 13:15:00,985
2023-01-15 13:30:00,1007
2023-01-15 13:45:00,915
2023-01-15 14:00:00,921
2023-01-15 14:15:00,881
2023-01-15 14:30:00,935
2023-01-15 14:45:00,2341
2023-01-15 15:00:00,1845
2023-01-15 15:15:00,817
2023-01-15 15:30:00,835
2023-01-15 15:45:00,813
2023-01-15 16:00:00,885
2023-01-15 16:15:00,760
2023-01-15 16:30:00,598
2023-01-15 16:45:00,582
2023-01-15 17:00:00,609
2023-01-15 17:15:00,742
2023-01-15 17:30:00,802
2023-01-15 17:45:00,822
2023-01-15 18:00:00,1071
2023-01-15 18:15:00,830
2023-01-15 18:30:00,575
2023-01-15 18:45:00,614
2023-01-15 19:00:00,537
2023-01-15 19:15:00,592
2023-01-15 19:30:00,577
2023-01-15 19:45:00,528
2023-01-15 20:00:00,466
2023-01-15 20:15:00,438
2023-01-15 20:30:00,378
2023-01-15 20:45:00,355
2023-01-15 21:00:00,536
2023-01-15 21:15:00,472
2023-01-15 21:30:00,747
2023-01-15 21:45:00,1051
2023-01-15 22:00:00,446
2023-01-15 22:15:00,342
2023-01-15 22:30:00,337
2023-01-15 22:45:00,308
2023-01-15 23:00:00,365
2023-01-15 23:15:00,264
2023-01-15 23:30:00,262
2023-01-15 23:45:00,250
2023-01-16 00:00:00,677
2023-01-16 00:15:00,217
2023-01-16 00:30:00,272
2023-01-16 00:45:00,277
2023-01-16 01:00:00,317
2023-01-16 01:15:00,256
2023-01-16 01:30:00,251
2023-01-16 01:45:00,264
2023-01-16 02:00:00,273
2023-01-16 02:15:00,230
2023-01-16 02:30:00,300
2023-01-16 02:45:00,229
2023-01-16 03:00:00,270
2023-01-16 03:15:00,198
2023-01-16 03:30:00,228
2023-01-16 03:45:00,662
2023-01-16 04:00:00,238
2023-01-16 04:15:00,236
2023-01-16 04:30:00,246
2023-01-16 04:45:00,269
2023-01-16 05:00:00,293
2023-01-16 05:15:00,327
2023-01-16 05:30:00,358
2023-01-16 05:45:00,376
2023-01-16 06:00:00,524
2023-01-16 06:15:00,476
2023-01-16 06:30:00,479
2023-01-16 06:45:00,618
2023-01-16 07:00:00,768
2023-01-16 07:15:00,699
2023-01-16 07:30:00,649
2023-01-16 07:45:00,627
2023-01-16 08:00:00,723
2023-01-16 08:15:00,653
2023-01-16 08:30:00,635
2023-01-16 08:45:00,731
2023-01-16 09:00:00,799
2023-01-16 09:15:00,736
2023-01-16 09:30:00,707
2023-01-16 09:45:00,738
2023-01-16 10:00:00,960
2023-01-16 10:15:00,978
2023-01-16 10:30:00,908
2023-01-16 10:45:00,883
2023-01-16 11:00:00,748
2023-01-16 11:15:00,667
2023-01-16 11:30:00,597
2023-01-16 11:45:00,793
2023-01-16 12:00:00,855
2023-01-16 12:15:00,747
2023-01-16 12:30:00,758
2023-01-16 12:45:00,786
2023-01-16 13:00:00,896
2023-01-16 13:15:00,765
2023-01-16 13:30:00,764
2023-01-16 13:45:00,521
2023-01-16 14:00:00,631
2023-01-16 14:15:00,683
2023-01-16 14:30:00,563
2023-01-16 14:45:00,907
2023-01-16 15:00:00,1026
2023-01-16 15:15:00,779
2023-01-16 15:30:00,975
2023-01-16 15:45:00,994
2023-01-16 16:00:00,839
2023-01-16 16:15:00,1035
2023-01-16 16:30:00,769
2023-01-16 16:45:00,952
2023-01-16 17:00:00,976
2023-01-16 17:15:00,919
2023-01-16 17:30:00,1158
2023-01-16 17:45:00,885
2023-01-16 18:00:00,1170
2023-01-16 18:15:00,873
2023-01-16 18:30:00,909
2023-01-16 18:45:00,658
2023-01-16 19:00:00,671
2023-01-16 19:15:00,666
2023-01-16 19:30:00,714
2023-01-16 19:45:00,554
2023-01-16 20:00:00,579
2023-01-16 20:15:00,579
2023-01-16 20:30:00,599
2023-01-16 20:45:00,609
2023-01-16 21:00:00,510
2023-01-16 21:15:00,453
2023-01-16 21:30:00,472
2023-01-16 21:45:00,524
2023-01-16 22:00:00,558
2023-01-16 22:15:00,449
2023-01-16 22:30:00,453
2023-01-16 22:45:00,556
2023-01-16 23:00:00,475
2023-01-16 23:15:00,413
2023-01-16 23:30:00,451
2023-01-16 23:45:00,387
2023-01-17 00:00:00,418
2023-01-17 00:15:00,407
2023-01-17 00:30:00,384
2023-01-17 00:45:00,431
2023-01-17 01:00:00,421
2023-01-17 01:15:00,384
2023-01-17 01:30:00,386
2023-01-17 01:45:00,376
2023-01-17 02:00:00,454
2023-01-17 02:15:00,451
2023-01-17 02:30:00,405
2023-01-17 02:45:00,387
2023-01-17 03:00:00,409
2023-01-17 03:15:00,459
2023-01-17 03:30:00,488
2023-01-17 03:45:00,435
2023-01-17 04:00:00,451
2023-01-17 04:15:00,455
2023-01-17 04:30:00,498
2023-01-17 04:45:00,567
2023-01-17 05:00:00,515
2023-01-17 05:15:00,517
2023-01-17 05:30:00,650
2023-01-17 05:45:00,572
2023-01-17 06:00:00,745
2023-01-17 06:15:00,560
2023-01-17 06:30:00,587
2023-01-17 06:45:00,714
2023-01-17 07:00:00,691
2023-01-17 07:15:00,652
2023-01-17 07:30:00,886
2023-01-17 07:45:00,657
2023-01-17 08:00:00,748
2023-01-17 08:15:00,705
2023-01-17 08:30:00,749
2023-01-17 08:45:00,918
2023-01-17 09:00:00,885
2023-01-17 09:15:00,792
2023-01-17 09:30:00,758
2023-01-17 09:45:00,903
2023-01-17 10:00:00,881
2023-01-17 10:15:00,749
2023-01-17 10:30:00,746
2023-01-17 10:45:00,783
2023-01-17 11:00:00,1328
2023-01-17 11:15:00,1023
2023-01-17 11:30:00,882
2023-01-17 11:45:00,847
2023-01-17 12:00:00,868
2023-01-17 12:15:00,879
2023-01-17 12:30:00,843
2023-01-17 12:45:00,794
2023-01-17 13:00:00,870
2023-01-17 13:15:00,650
2023-01-17 13:30:00,812
2023-01-17 13:45:00,772
2023-01-17 14:00:00,692
2023-01-17 14:15:00,705
2023-01-17 14:30:00,705
2023-01-17 14:45:00,575
2023-01-17 15:00:00,726
2023-01-17 15:15:00,578
2023-01-17 15:30:00,602
2023-01-17 15:45:00,840
2023-01-17 16:00:00,630
2023-01-17 16:15:00,560
2023-01-17 16:30:00,665
2023-01-17 16:45:00,618
2023-01-17 17:00:00,2052
2023-01-17 17:15:00,606
2023-01-17 17:30:00,615
2023-01-17 17:45:00,719
2023-01-17 18:00:00,654
2023-01-17 18:15:00,567
2023-01-17 18:30:00,707
2023-01-17 18:45:00,737
2023-01-17 19:00:00,659
2023-01-17 19:15:00,640
2023-01-17 19:30:00,719
2023-01-17 19:45:00,654
2023-01-17 20:00:00,523
2023-01-17 20:15:00,500
2023-01-17 20:30:00,425
2023-01-17 20:45:00,386
2023-01-17 21:00:00,418
2023-01-17 21:15:00,474
2023-01-17 21:30:00,525
2023-01-17 21:45:00,317
2023-01-17 22:00:00,409
2023-01-17 22:15:00,370
2023-01-17 22:30:00,347
2023-01-17 22:45:00,391
2023-01-17 23:00:00,422
2023-01-17 23:15:00,1184
2023-01-17 23:30:00,1444
2023-01-17 23:45:00,201
2023-01-18 00:00:00,1278
2023-01-18 00:15:00,184
2023-01-18 00:30:00,174
2023-01-18 00:45:00,166
2023-01-18 01:00:00,241
2023-01-18 01:15:00,185
2023-01-18 01:30:00,171
2023-01-18 01:45:00,192
2023-01-18 02:00:00,178
2023-01-18 02:15:00,246
2023-01-18 02:30:00,201
2023-01-18 02:45:00,172
2023-01-18 03:00:00,206
2023-01-18 03:15:00,181
2023-01-18 03:30:00,192
2023-01-18 03:45:00,207
2023-01-18 04:00:00,238
2023-01-18 04:15:00,288
2023-01-18 04:30:00,243
2023-01-18 04:45:00,312
2023-01-18 05:00:00,252
2023-01-18 05:15:00,228
2023-01-18 05:30:00,438
2023-01-18 05:45:00,353
2023-01-18 06:00:00,524
2023-01-18 06:15:00,482
2023-01-18 06:30:00,374
2023-01-18 06:45:00,497
2023-01-18 07:00:00,756
2023-01-18 07:15:00,578
2023-01-18 07:30:00,605
2023-01-18 07:45:00,628
2023-01-18 08:00:00,4430
2023-01-18 08:15:00,537
2023-01-18 08:30:00,473
2023-01-18 08:45:00,574
2023-01-18 09:00:00,3820
2023-01-18 09:15:00,652
2023-01-18 09:30:00,619
2023-01-18 09:45:00,711
2023-01-18 10:00:00,606
2023-01-18 10:15:00,816
2023-01-18 10:30:00,3120
2023-01-18 10:45:00,583
2023-01-18 11:00:00,3802
2023-01-18 11:15:00,743
2023-01-18 11:30:00,666
2023-01-18 11:45:00,755
2023-01-18 12:00:00,741
2023-01-18 12:15:00,786
2023-01-18 12:30:00,615
2023-01-18 12:45:00,516
2023-01-18 13:00:00,704
2023-01-18 13:15:00,663
2023-01-18 13:30:00,511
2023-01-18 13:45:00,575
2023-01-18 14:00:00,682
2023-01-18 14:15:00,701
2023-01-18 14:30:00,589
2023-01-18 14:45:00,648
2023-01-18 15:00:00,771
2023-01-18 15:15:00,703
2023-01-18 15:30:00,614
2023-01-18 15:45:00,608
2023-01-18 16:00:00,669
2023-01-18 16:15:00,782
2023-01-18 16:30:00,755
2023-01-18 16:45:00,699
2023-01-18 17:00:00,708
2023-01-18 17:15:00,432
2023-01-18 17:30:00,605
2023-01-18 17:45:00,487
2023-01-18 18:00:00,515
2023-01-18 18:15:00,527
2023-01-18 18:30:00,582
2023-01-18 18:45:00,666
2023-01-18 19:00:00,774
2023-01-18 19:15:00,565
2023-01-18 19:30:00,493
2023-01-18 19:45:00,605
2023-01-18 20:00:00,496
2023-01-18 20:15:00,369
2023-01-18 20:30:00,581
2023-01-18 20:45:00,469
2023-01-18 21:00:00,609
2023-01-18 21:15:00,543
2023-01-18 21:30:00,509
2023-01-18 21:45:00,307
2023-01-18 22:00:00,295
2023-01-18 22:15:00,315
2023-01-18 22:30:00,535
2023-01-18 22:45:00,285
2023-01-18 23:00:00,265
2023-01-18 23:15:00,235
2023-01-18 23:30:00,259
2023-01-18 23:45:00,209
2023-01-19 00:00:00,374
2023-01-19 00:15:00,287
2023-01-19 00:30:00,321
2023-01-19 00:45:00,142
2023-01-19 01:00:00,172
2023-01-19 01:15:00,192
2023-01-19 01:30:00,176
2023-01-19 01:45:00,194
2023-01-19 02:00:00,208
2023-01-19 02:15:00,297
2023-01-19 02:30:00,123
2023-01-19 02:45:00,101
2023-01-19 03:00:00,135
2023-01-19 03:15:00,116
2023-01-19 03:30:00,161
2023-01-19 03:45:00,152
2023-01-19 04:00:00,179
2023-01-19 04:15:00,158
2023-01-19 04:30:00,127
2023-01-19 04:45:00,247
2023-01-19 05:00:00,213
2023-01-19 05:15:00,197
2023-01-19 05:30:00,233
2023-01-19 05:45:00,316
2023-01-19 06:00:00,710
2023-01-19 06:15:00,506
2023-01-19 06:30:00,496
2023-01-19 06:45:00,435
2023-01-19 07:00:00,517
2023-01-19 07:15:00,521
2023-01-19 07:30:00,529
2023-01-19 07:45:00,438
2023-01-19 08:00:00,650
2023-01-19 08:15:00,662
2023-01-19 08:30:00,617
2023-01-19 08:45:00,536
2023-01-19 09:00:00,799
2023-01-19 09:15:00,518
2023-01-19 09:30:00,569
2023-01-19 09:45:00,613
2023-01-19 10:00:00,602
2023-01-19 10:15:00,668
2023-01-19 10:30:00,543
2023-01-19 10:45:00,682
2023-01-19 11:00:00,688
2023-01-19 11:15:00,579
2023-01-19 11:30:00,658
2023-01-19 11:45:00,631
2023-01-19 12:00:00,615
2023-01-19 12:15:00,673
2023-01-19 12:30:00,653
2023-01-19 12:45:00,677
2023-01-19 13:00:00,726
2023-01-19 13:15:00,749
2023-01-19 13:30:00,747
2023-01-19 13:45:00,810
2023-01-19 14:00:00,664
2023-01-19 14:15:00,538
2023-01-19 14:30:00,663
2023-01-19 14:45:00,617
2023-01-19 15:00:00,775
2023-01-19 15:15:00,819
2023-01-19 15:30:00,788
2023-01-19 15:45:00,577
2023-01-19 16:00:00,862
2023-01-19 16:15:00,727
2023-01-19 16:30:00,703
2023-01-19 16:45:00,665
2023-01-19 17:00:00,927
2023-01-19 17:15:00,852
2023-01-19 17:30:00,756
2023-01-19 17:45:00,794
2023-01-19 18:00:00,661
2023-01-19 18:15:00,709
2023-01-19 18:30:00,721
2023-01-19 18:45:00,705
2023-01-19 19:00:00,735
2023-01-19 19:15:00,534
2023-01-19 19:30:00,627
2023-01-19 19:45:00,630
2023-01-19 20:00:00,465
2023-01-19 20:15:00,430
2023-01-19 20:30:00,425
2023-01-19 20:45:00,488
2023-01-19 21:00:00,327
2023-01-19 21:15:00,302
2023-01-19 21:30:00,324
2023-01-19 21:45:00,302
2023-01-19 22:00:00,361
2023-01-19 22:15:00,260
2023-01-19 22:30:00,241
2023-01-19 22:45:00,231
2023-01-19 23:00:00,317
2023-01-19 23:15:00,277
2023-01-19 23:30:00,228
2023-01-19 23:45:00,187
2023-01-20 00:00:00,262
2023-01-20 00:15:00,337
2023-01-20 00:30:00,174
2023-01-20 00:45:00,160
2023-01-20 01:00:00,232
2023-01-20 01:15:00,164
2023-01-20 01:30:00,205
2023-01-20 01:45:00,153
2023-01-20 02:00:00,247
2023-01-20 02:15:00,213
2023-01-20 02:30:00,221
2023-01-20 02:45:00,154
2023-01-20 03:00:00,173
2023-01-20 03:15:00,181
2023-01-20 03:30:00,156
2023-01-20 03:45:00,138
2023-01-20 04:00:00,140
2023-01-20 04:15:00,96
2023-01-20 04:30:00,131
2023-01-20 04:45:00,187
2023-01-20 05:00:00,126
2023-01-20 05:15:00,137
2023-01-20 05:30:00,179
2023-01-20 05:45:00,183
2023-01-20 06:00:00,532
2023-01-20 06:15:00,292
2023-01-20 06:30:00,317
2023-01-20 06:45:00,328
2023-01-20 07:00:00,3554
2023-01-20 07:15:00,898
2023-01-20 07:30:00,408
2023-01-20 07:45:00,395
2023-01-20 08:00:00,512
2023-01-20 08:15:00,616
2023-01-20 08:30:00,452
2023-01-20 08:45:00,501
2023-01-20 09:00:00,660
2023-01-20 09:15:00,708
2023-01-20 09:30:00,543
2023-01-20 09:45:00,529
2023-01-20 10:00:00,590
2023-01-20 10:15:00,688
2023-01-20 10:30:00,846
2023-01-20 10:45:00,987
2023-01-20 11:00:00,837
2023-01-20 11:15:00,842
2023-01-20 11:30:00,787
2023-01-20 11:45:00,496
2023-01-20 12:00:00,598
2023-01-20 12:15:00,460
2023-01-20 12:30:00,514
2023-01-20 12:45:00,517
2023-01-20 13:00:00,673
2023-01-20 13:15:00,490
2023-01-20 13:30:00,562
2023-01-20 13:45:00,610
2023-01-20 14:00:00,780
2023-01-20 14:15:00,807
2023-01-20 14:30:00,710
2023-01-20 14:45:00,792
2023-01-20 15:00:00,801
2023-01-20 15:15:00,695
2023-01-20 15:30:00,566
2023-01-20 15:45:00,1015
2023-01-20 16:00:00,597
2023-01-20 16:15:00,558
2023-01-20 16:30:00,494
2023-01-20 16:45:00,785
2023-01-20 17:00:00,1034
2023-01-20 17:15:00,541
2023-01-20 17:30:00,585
2023-01-20 17:45:00,579
2023-01-20 18:00:00,668
2023-01-20 18:15:00,508
2023-01-20 18:30:00,368
2023-01-20 18:45:00,309
2023-01-20 19:00:00,356
2023-01-20 19:15:00,465
2023-01-20 19:30:00,554
2023-01-20 19:45:00,432
2023-01-20 20:00:00,388
2023-01-20 20:15:00,296
2023-01-20 20:30:00,398
2023-01-20 20:45:00,356
2023-01-20 21:00:00,281
2023-01-20 21:15:00,304
2023-01-20 21:30:00,319
2023-01-20 21:45:00,187
2023-01-20 22:00:00,177
2023-01-20 22:15:00,189
2023-01-20 22:30:00,191
2023-01-20 22:45:00,225
2023-01-20 23:00:00,158
2023-01-20 23:15:00,126
2023-01-20 23:30:00,138
2023-01-20 23:45:00,147
2023-01-21 00:00:00,181
2023-01-21 00:15:00,108
2023-01-21 00:30:00,171
2023-01-21 00:45:00,122
2023-01-21 01:00:00,322
2023-01-21 01:15:00,203
2023-01-21 01:30:00,112
2023-01-21 01:45:00,94
2023-01-21 02:00:00,136
2023-01-21 02:15:00,160
2023-01-21 02:30:00,131
2023-01-21 02:45:00,97
2023-01-21 03:00:00,148
2023-01-21 03:15:00,103
2023-01-21 03:30:00,179
2023-01-21 03:45:00,254
2023-01-21 04:00:00,149
2023-01-21 04:15:00,165
2023-01-21 04:30:00,301
2023-01-21 04:45:00,184
2023-01-21 05:00:00,208
2023-01-21 05:15:00,168
2023-01-21 05:30:00,250
2023-01-21 05:45:00,254
2023-01-21 06:00:00,917
2023-01-21 06:15:00,391
2023-01-21 06:30:00,367
2023-01-21 06:45:00,507
2023-01-21 07:00:00,793
2023-01-21 07:15:00,559
2023-01-21 07:30:00,421
2023-01-21 07:45:00,371
2023-01-21 08:00:00,567
2023-01-21 08:15:00,577
2023-01-21 08:30:00,489
2023-01-21 08:45:00,451
2023-01-21 09:00:00,768
2023-01-21 09:15:00,1045
2023-01-21 09:30:00,1195
2023-01-21 09:45:00,793
2023-01-21 10:00:00,1186
2023-01-21 10:15:00,860
2023-01-21 10:30:00,1006
2023-01-21 10:45:00,1002
2023-01-21 11:00:00,893
2023-01-21 11:15:00,829
2023-01-21 11:30:00,833
2023-01-21 11:45:00,868
2023-01-21 12:00:00,886
2023-01-21 12:15:00,819
2023-01-21 12:30:00,999
2023-01-21 12:45:00,929
2023-01-21 13:00:00,869
2023-01-21 13:15:00,952
2023-01-21 13:30:00,804
2023-01-21 13:45:00,813
2023-01-21 14:00:00,921
2023-01-21 14:15:00,1028
2023-01-21 14:30:00,941
2023-01-21 14:45:00,598
2023-01-21 15:00:00,569
2023-01-21 15:15:00,451
2023-01-21 15:30:00,542
2023-01-21 15:45:00,477
2023-01-21 16:00:00,563
2023-01-21 16:15:00,516
2023-01-21 16:30:00,909
2023-01-21 16:45:00,342
2023-01-21 17:00:00,444
2023-01-21 17:15:00,522
2023-01-21 17:30:00,477
2023-01-21 17:45:00,431
2023-01-21 18:00:00,412
2023-01-21 18:15:00,408
2023-01-21 18:30:00,488
2023-01-21 18:45:00,382
2023-01-21 19:00:00,345
2023-01-21 19:15:00,348
2023-01-21 19:30:00,407
2023-01-21 19:45:00,378
2023-01-21 20:00:00,434
2023-01-21 20:15:00,840
2023-01-21 20:30:00,413
2023-01-21 20:45:00,450
2023-01-21 21:00:00,259
2023-01-21 21:15:00,261
2023-01-21 21:30:00,278
2023-01-21 21:45:00,224
2023-01-21 22:00:00,341
2023-01-21 22:15:00,288
2023-01-21 22:30:00,237
2023-01-21 22:45:00,218
2023-01-21 23:00:00,331
2023-01-21 23:15:00,218
2023-01-21 23:30:00,198
2023-01-21 23:45:00,172
2023-01-22 00:00:00,199
2023-01-22 00:15:00,149
2023-01-22 00:30:00,139
2023-01-22 00:45:00,136
2023-01-22 01:00:00,193
2023-01-22 01:15:00,139
2023-01-22 01:30:00,130
2023-01-22 01:45:00,164
2023-01-22 02:00:00,274
2023-01-22 02:15:00,205
2023-01-22 02:30:00,176
2023-01-22 02:45:00,113
2023-01-22 03:00:00,142
2023-01-22 03:15:00,95
2023-01-22 03:30:00,112
2023-01-22 03:45:00,97
2023-01-22 04:00:00,118
2023-01-22 04:15:00,103
2023-01-22 04:30:00,951
2023-01-22 04:45:00,1171
2023-01-22 05:00:00,483
2023-01-22 05:15:00,205
2023-01-22 05:30:00,372
2023-01-22 05:45:00,184
2023-01-22 06:00:00,424
2023-01-22 06:15:00,304
2023-01-22 06:30:00,189
2023-01-22 06:45:00,196
2023-01-22 07:00:00,389
2023-01-22 07:15:00,255
2023-01-22 07:30:00,491
2023-01-22 07:45:00,282
2023-01-22 08:00:00,3667
2023-01-22 08:15:00,640
2023-01-22 08:30:00,414
2023-01-22 08:45:00,396
2023-01-22 09:00:00,1041
2023-01-22 09:15:00,936
2023-01-22 09:30:00,432
2023-01-22 09:45:00,487
2023-01-22 10:00:00,539
2023-01-22 10:15:00,412
2023-01-22 10:30:00,423
2023-01-22 10:45:00,428
2023-01-22 11:00:00,679
2023-01-22 11:15:00,419
2023-01-22 11:30:00,411
2023-01-22 11:45:00,506
2023-01-22 12:00:00,2131
2023-01-22 12:15:00,516
2023-01-22 12:30:00,455
2023-01-22 12:45:00,387
2023-01-22 13:00:00,386
2023-01-22 13:15:00,349
2023-01-22 13:30:00,390
2023-01-22 13:45:00,350
2023-01-22 14:00:00,495
2023-01-22 14:15:00,402
2023-01-22 14:30:00,340
2023-01-22 14:45:00,297
2023-01-22 15:00:00,320
2023-01-22 15:15:00,381
2023-01-22 15:30:00,388
2023-01-22 15:45:00,335
2023-01-22 16:00:00,403
2023-01-22 16:15:00,486
2023-01-22 16:30:00,559
2023-01-22 16:45:00,439
2023-01-22 17:00:00,501
2023-01-22 17:15:00,457
2023-01-22 17:30:00,681
2023-01-22 17:45:00,426
2023-01-22 18:00:00,1230
2023-01-22 18:15:00,685
2023-01-22 18:30:00,496
2023-01-22 18:45:00,430
2023-01-22 19:00:00,562
2023-01-22 19:15:00,468
2023-01-22 19:30:00,456
2023-01-22 19:45:00,478
2023-01-22 20:00:00,436
2023-01-22 20:15:00,328
2023-01-22 20:30:00,393
2023-01-22 20:45:00,467
2023-01-22 21:00:00,463
2023-01-22 21:15:00,274
2023-01-22 21:30:00,400
2023-01-22 21:45:00,204
2023-01-22 22:00:00,264
2023-01-22 22:15:00,562
2023-01-22 22:30:00,274
2023-01-22 22:45:00,245
2023-01-22 23:00:00,279
2023-01-22 23:15:00,242
2023-01-22 23:30:00,278
2023-01-22 23:45:00,130
2023-01-23 00:00:00,439
2023-01-23 00:15:00,193
2023-01-23 00:30:00,192
2023-01-23 00:45:00,141
2023-01-23 01:00:00,224
2023-01-23 01:15:00,182
2023-01-23 01:30:00,208
2023-01-23 01:45:00,119
2023-01-23 02:00:00,183
2023-01-23 02:15:00,208
2023-01-23 02:30:00,135
2023-01-23 02:45:00,136
2023-01-23 03:00:00,117
2023-01-23 03:15:00,152
2023-01-23 03:30:00,128
2023-01-23 03:45:00,154
2023-01-23 04:00:00,192
2023-01-23 04:15:00,201
2023-01-23 04:30:00,159
2023-01-23 04:45:00,204
2023-01-23 05:00:00,246
2023-01-23 05:15:00,185
2023-01-23 05:30:00,303
2023-01-23 05:45:00,238
2023-01-23 06:00:00,531
2023-01-23 06:15:00,354
2023-01-23 06:30:00,526
2023-01-23 06:45:00,362
2023-01-23 07:00:00,923
2023-01-23 07:15:00,1242
2023-01-23 07:30:00,1481
2023-01-23 07:45:00,951
2023-01-23 08:00:00,626
2023-01-23 08:15:00,600
2023-01-23 08:30:00,508
2023-01-23 08:45:00,553
2023-01-23 09:00:00,736
2023-01-23 09:15:00,690
2023-01-23 09:30:00,798
2023-01-23 09:45:00,658
2023-01-23 10:00:00,661
2023-01-23 10:15:00,561
2023-01-23 10:30:00,541
2023-01-23 10:45:00,688
2023-01-23 11:00:00,1155
2023-01-23 11:15:00,734
2023-01-23 11:30:00,670
2023-01-23 11:45:00,607
2023-01-23 12:00:00,709
2023-01-23 12:15:00,649
2023-01-23 12:30:00,677
2023-01-23 12:45:00,590
2023-01-23 13:00:00,644
2023-01-23 13:15:00,751
2023-01-23 13:30:00,711
2023-01-23 13:45:00,885
2023-01-23 14:00:00,747
2023-01-23 14:15:00,1115
2023-01-23 14:30:00,676
2023-01-23 14:45:00,692
2023-01-23 15:00:00,758
2023-01-23 15:15:00,762
2023-01-23 15:30:00,835
2023-01-23 15:45:00,762
2023-01-23 16:00:00,715
2023-01-23 16:15:00,705
2023-01-23 16:30:00,956
2023-01-23 16:45:00,694
2023-01-23 17:00:00,675
2023-01-23 17:15:00,583
2023-01-23 17:30:00,649
2023-01-23 17:45:00,816
2023-01-23 18:00:00,650
2023-01-23 18:15:00,706
2023-01-23 18:30:00,574
2023-01-23 18:45:00,677
2023-01-23 19:00:00,477
2023-01-23 19:15:00,543
2023-01-23 19:30:00,501
2023-01-23 19:45:00,393
2023-01-23 20:00:00,638
2023-01-23 20:15:00,648
2023-01-23 20:30:00,515
2023-01-23 20:45:00,497
2023-01-23 21:00:00,355
2023-01-23 21:15:00,306
2023-01-23 21:30:00,331
2023-01-23 21:45:00,402
2023-01-23 22:00:00,299
2023-01-23 22:15:00,285
2023-01-23 22:30:00,296
2023-01-23 22:45:00,261
2023-01-23 23:00:00,383
2023-01-23 23:15:00,274
2023-01-23 23:30:00,298
2023-01-23 23:45:00,240
2023-01-24 00:00:00,365
2023-01-24 00:15:00,389
2023-01-24 00:30:00,259
2023-01-24 00:45:00,202
2023-01-24 01:00:00,230
2023-01-24 01:15:00,261
2023-01-24 01:30:00,267
2023-01-24 01:45:00,280
2023-01-24 02:00:00,277
2023-01-24 02:15:00,363
2023-01-24 02:30:00,320
2023-01-24 02:45:00,247
2023-01-24 03:00:00,148
2023-01-24 03:15:00,220
2023-01-24 03:30:00,226
2023-01-24 03:45:00,235
2023-01-24 04:00:00,292
2023-01-24 04:15:00,199
2023-01-24 04:30:00,247
2023-01-24 04:45:00,212
2023-01-24 05:00:00,202
2023-01-24 05:15:00,183
2023-01-24 05:30:00,307
2023-01-24 05:45:00,294
2023-01-24 06:00:00,548
2023-01-24 06:15:00,347
2023-01-24 06:30:00,346
2023-01-24 06:45:00,400
2023-01-24 07:00:00,451
2023-01-24 07:15:00,473
2023-01-24 07:30:00,428
2023-01-24 07:45:00,514
2023-01-24 08:00:00,653
2023-01-24 08:15:00,564
2023-01-24 08:30:00,651
2023-01-24 08:45:00,656
2023-01-24 09:00:00,621
2023-01-24 09:15:00,640
2023-01-24 09:30:00,813
2023-01-24 09:45:00,679
2023-01-24 10:00:00,630
2023-01-24 10:15:00,550
2023-01-24 10:30:00,599
2023-01-24 10:45:00,572
2023-01-24 11:00:00,604
2023-01-24 11:15:00,626
2023-01-24 11:30:00,612
2023-01-24 11:45:00,795
2023-01-24 12:00:00,560
2023-01-24 12:15:00,656
2023-01-24 12:30:00,586
2023-01-24 12:45:00,596
2023-01-24 13:00:00,874
2023-01-24 13:15:00,600
2023-01-24 13:30:00,724
2023-01-24 13:45:00,544
2023-01-24 14:00:00,585
2023-01-24 14:15:00,890
2023-01-24 14:30:00,623
2023-01-24 14:45:00,646
2023-01-24 15:00:00,789
2023-01-24 15:15:00,839
2023-01-24 15:30:00,808
2023-01-24 15:45:00,710
2023-01-24 16:00:00,630
2023-01-24 16:15:00,591
2023-01-24 16:30:00,649
2023-01-24 16:45:00,721
2023-01-24 17:00:00,727
2023-01-24 17:15:00,599
2023-01-24 17:30:00,704
2023-01-24 17:45:00,614
2023-01-24 18:00:00,689
2023-01-24 18:15:00,629
2023-01-24 18:30:00,722
2023-01-24 18:45:00,2891
2023-01-24 19:00:00,3393
2023-01-24 19:15:00,649
2023-01-24 19:30:00,690
2023-01-24 19:45:00,713
2023-01-24 20:00:00,2625
2023-01-24 20:15:00,1473
2023-01-24 20:30:00,620
2023-01-24 20:45:00,604
2023-01-24 21:00:00,4535
2023-01-24 21:15:00,804
2023-01-24 21:30:00,412
2023-01-24 21:45:00,377
2023-01-24 22:00:00,5080
2023-01-24 22:15:00,440
2023-01-24 22:30:00,331
2023-01-24 22:45:00,307
2023-01-24 23:00:00,369
2023-01-24 23:15:00,278
2023-01-24 23:30:00,287
2023-01-24 23:45:00,230
2023-01-25 00:00:00,423
2023-01-25 00:15:00,314
2023-01-25 00:30:00,288
2023-01-25 00:45:00,287
2023-01-25 01:00:00,381
2023-01-25 01:15:00,344
2023-01-25 01:30:00,248
2023-01-25 01:45:00,245
2023-01-25 02:00:00,327
2023-01-25 02:15:00,277
2023-01-25 02:30:00,300
2023-01-25 02:45:00,262
2023-01-25 03:00:00,302
2023-01-25 03:15:00,270
2023-01-25 03:30:00,267
2023-01-25 03:45:00,228
2023-01-25 04:00:00,232
2023-01-25 04:15:00,248
2023-01-25 04:30:00,299
2023-01-25 04:45:00,354
2023-01-25 05:00:00,365
2023-01-25 05:15:00,320
2023-01-25 05:30:00,347
2023-01-25 05:45:00,408
2023-01-25 06:00:00,557
2023-01-25 06:15:00,408
2023-01-25 06:30:00,476
2023-01-25 06:45:00,486
2023-01-25 07:00:00,612
2023-01-25 07:15:00,539
2023-01-25 07:30:00,458
2023-01-25 07:45:00,593
2023-01-25 08:00:00,3379
2023-01-25 08:15:00,616
2023-01-25 08:30:00,619
2023-01-25 08:45:00,601
2023-01-25 09:00:00,611
2023-01-25 09:15:00,663
2023-01-25 09:30:00,471
2023-01-25 09:45:00,557
2023-01-25 10:00:00,587
2023-01-25 10:15:00,650
2023-01-25 10:30:00,728
2023-01-25 10:45:00,628
2023-01-25 11:00:00,921
2023-01-25 11:15:00,649
2023-01-25 11:30:00,640
2023-01-25 11:45:00,633
2023-01-25 12:00:00,619
2023-01-25 12:15:00,598
2023-01-25 12:30:00,609
2023-01-25 12:45:00,1033
2023-01-25 13:00:00,909
2023-01-25 13:15:00,801
2023-01-25 13:30:00,846
2023-01-25 13:45:00,767
2023-01-25 14:00:00,806
2023-01-25 14:15:00,803
2023-01-25 14:30:00,925
2023-01-25 14:45:00,759
2023-01-25 15:00:00,884
2023-01-25 15:15:00,921
2023-01-25 15:30:00,736
2023-01-25 15:45:00,649
2023-01-25 16:00:00,586
2023-01-25 16:15:00,517
2023-01-25 16:30:00,490
2023-01-25 16:45:00,483
2023-01-25 17:00:00,569
2023-01-25 17:15:00,998
2023-01-25 17:30:00,695
2023-01-25 17:45:00,609
2023-01-25 18:00:00,700
2023-01-25 18:15:00,596
2023-01-25 18:30:00,745
2023-01-25 18:45:00,572
2023-01-25 19:00:00,584
2023-01-25 19:15:00,695
2023-01-25 19:30:00,533
2023-01-25 19:45:00,381
2023-01-25 20:00:00,439
2023-01-25 20:15:00,521
2023-01-25 20:30:00,387
2023-01-25 20:45:00,437
2023-01-25 21:00:00,286
2023-01-25 21:15:00,256
2023-01-25 21:30:00,293
2023-01-25 21:45:00,388
2023-01-25 22:00:00,292
2023-01-25 22:15:00,304
2023-01-25 22:30:00,265
2023-01-25 22:45:00,246
2023-01-25 23:00:00,235
2023-01-25 23:15:00,199
2023-01-25 23:30:00,171
2023-01-25 23:45:00,201
2023-01-26 00:00:00,211
2023-01-26 00:15:00,229
2023-01-26 00:30:00,187
2023-01-26 00:45:00,198
2023-01-26 01:00:00,166
2023-01-26 01:15:00,133
2023-01-26 01:30:00,159
2023-01-26 01:45:00,184
2023-01-26 02:00:00,260
2023-01-26 02:15:00,238
2023-01-26 02:30:00,194
2023-01-26 02:45:00,189
2023-01-26 03:00:00,215
2023-01-26 03:15:00,161
2023-01-26 03:30:00,207
2023-01-26 03:45:00,245
2023-01-26 04:00:00,232
2023-01-26 04:15:00,240
2023-01-26 04:30:00,301
2023-01-26 04:45:00,220
2023-01-26 05:00:00,338
2023-01-26 05:15:00,270
2023-01-26 05:30:00,343
2023-01-26 05:45:00,375
2023-01-26 06:00:00,458
2023-01-26 06:15:00,479
2023-01-26 06:30:00,422
2023-01-26 06:45:00,614
2023-01-26 07:00:00,601
2023-01-26 07:15:00,540
2023-01-26 07:30:00,505
2023-01-26 07:45:00,603
2023-01-26 08:00:00,646
2023-01-26 08:15:00,770
2023-01-26 08:30:00,605
2023-01-26 08:45:00,588
2023-01-26 09:00:00,609
2023-01-26 09:15:00,510
2023-01-26 09:30:00,542
2023-01-26 09:45:00,575
2023-01-26 10:00:00,813
2023-01-26 10:15:00,700
2023-01-26 10:30:00,789
2023-01-26 10:45:00,537
2023-01-26 11:00:00,599
2023-01-26 11:15:00,745
2023-01-26 11:30:00,531
2023-01-26 11:45:00,532
2023-01-26 12:00:00,599
2023-01-26 12:15:00,598
2023-01-26 12:30:00,672
2023-01-26 12:45:00,549
2023-01-26 13:00:00,691
2023-01-26 13:15:00,614
2023-01-26 13:30:00,610
2023-01-26 13:45:00,663
2023-01-26 14:00:00,583
2023-01-26 14:15:00,697
2023-01-26 14:30:00,734
2023-01-26 14:45:00,753
2023-01-26 15:00:00,740
2023-01-26 15:15:00,1088
2023-01-26 15:30:00,666
2023-01-26 15:45:00,540
2023-01-26 16:00:00,739
2023-01-26 16:15:00,675
2023-01-26 16:30:00,568
2023-01-26 16:45:00,2656
2023-01-26 17:00:00,1926
2023-01-26 17:15:00,716
2023-01-26 17:30:00,611
2023-01-26 17:45:00,666
2023-01-26 18:00:00,711
2023-01-26 18:15:00,2552
2023-01-26 18:30:00,729
2023-01-26 18:45:00,560
2023-01-26 19:00:00,602
2023-01-26 19:15:00,603
2023-01-26 19:30:00,1038
2023-01-26 19:45:00,600
2023-01-26 20:00:00,486
2023-01-26 20:15:00,563
2023-01-26 20:30:00,645
2023-01-26 20:45:00,474
2023-01-26 21:00:00,521
2023-01-26 21:15:00,476
2023-01-26 21:30:00,432
2023-01-26 21:45:00,509
2023-01-26 22:00:00,457
2023-01-26 22:15:00,395
2023-01-26 22:30:00,398
2023-01-26 22:45:00,391
2023-01-26 23:00:00,444
2023-01-26 23:15:00,323
2023-01-26 23:30:00,324
2023-01-26 23:45:00,381
2023-01-27 00:00:00,412
2023-01-27 00:15:00,472
2023-01-27 00:30:00,298
2023-01-27 00:45:00,260
2023-01-27 01:00:00,346
2023-01-27 01:15:00,392
2023-01-27 01:30:00,321
2023-01-27 01:45:00,305
2023-01-27 02:00:00,292
2023-01-27 02:15:00,358
2023-01-27 02:30:00,441
2023-01-27 02:45:00,288
2023-01-27 03:00:00,297
2023-01-27 03:15:00,363
2023-01-27 03:30:00,356
2023-01-27 03:45:00,330
2023-01-27 04:00:00,351
2023-01-27 04:15:00,298
2023-01-27 04:30:00,494
2023-01-27 04:45:00,467
2023-01-27 05:00:00,449
2023-01-27 05:15:00,384
2023-01-27 05:30:00,552
2023-01-27 05:45:00,537
2023-01-27 06:00:00,644
2023-01-27 06:15:00,498
2023-01-27 06:30:00,499
2023-01-27 06:45:00,615
2023-01-27 07:00:00,652
2023-01-27 07:15:00,632
2023-01-27 07:30:00,636
2023-01-27 07:45:00,744
2023-01-27 08:00:00,834
2023-01-27 08:15:00,734
2023-01-27 08:30:00,653
2023-01-27 08:45:00,719
2023-01-27 09:00:00,972
2023-01-27 09:15:00,752
2023-01-27 09:30:00,619
2023-01-27 09:45:00,835
2023-01-27 10:00:00,732
2023-01-27 10:15:00,759
2023-01-27 10:30:00,736
2023-01-27 10:45:00,662
2023-01-27 11:00:00,725
2023-01-27 11:15:00,616
2023-01-27 11:30:00,658
2023-01-27 11:45:00,698
2023-01-27 12:00:00,638
2023-01-27 12:15:00,772
2023-01-27 12:30:00,605
2023-01-27 12:45:00,651
2023-01-27 13:00:00,706
2023-01-27 13:15:00,753
2023-01-27 13:30:00,624
2023-01-27 13:45:00,649
2023-01-27 14:00:00,614
2023-01-27 14:15:00,560
2023-01-27 14:30:00,605
2023-01-27 14:45:00,687
2023-01-27 15:00:00,872
2023-01-27 15:15:00,811
2023-01-27 15:30:00,1201
2023-01-27 15:45:00,690
2023-01-27 16:00:00,735
2023-01-27 16:15:00,735
2023-01-27 16:30:00,689
2023-01-27 16:45:00,631
2023-01-27 17:00:00,773
2023-01-27 17:15:00,534
2023-01-27 17:30:00,521
2023-01-27 17:45:00,564
2023-01-27 18:00:00,553
2023-01-27 18:15:00,599
2023-01-27 18:30:00,540
2023-01-27 18:45:00,600
2023-01-27 19:00:00,557
2023-01-27 19:15:00,579
2023-01-27 19:30:00,694
2023-01-27 19:45:00,541
2023-01-27 20:00:00,534
2023-01-27 20:15:00,484
2023-01-27 20:30:00,618
2023-01-27 20:45:00,488
2023-01-27 21:00:00,373
2023-01-27 21:15:00,408
2023-01-27 21:30:00,460
2023-01-27 21:45:00,315
2023-01-27 22:00:00,361
2023-01-27 22:15:00,352
2023-01-27 22:30:00,336
2023-01-27 22:45:00,429
2023-01-27 23:00:00,289
2023-01-27 23:15:00,283
2023-01-27 23:30:00,305
2023-01-27 23:45:00,277
2023-01-28 00:00:00,380
2023-01-28 00:15:00,292
2023-01-28 00:30:00,296
2023-01-28 00:45:00,288
2023-01-28 01:00:00,296
2023-01-28 01:15:00,299
2023-01-28 01:30:00,218
2023-01-28 01:45:00,272
2023-01-28 02:00:00,325
2023-01-28 02:15:00,281
2023-01-28 02:30:00,314
2023-01-28 02:45:00,292
2023-01-28 03:00:00,207
2023-01-28 03:15:00,220
2023-01-28 03:30:00,307
2023-01-28 03:45:00,293
2023-01-28 04:00:00,331
2023-01-28 04:15:00,319
2023-01-28 04:30:00,281
2023-01-28 04:45:00,318
2023-01-28 05:00:00,332
2023-01-28 05:15:00,359
2023-01-28 05:30:00,346
2023-01-28 05:45:00,382
2023-01-28 06:00:00,485
2023-01-28 06:15:00,349
2023-01-28 06:30:00,488
2023-01-28 06:45:00,475
2023-01-28 07:00:00,534
2023-01-28 07:15:00,478
2023-01-28 07:30:00,486
2023-01-28 07:45:00,485
2023-01-28 08:00:00,639
2023-01-28 08:15:00,604
2023-01-28 08:30:00,626
2023-01-28 08:45:00,561
2023-01-28 09:00:00,682
2023-01-28 09:15:00,682
2023-01-28 09:30:00,609
2023-01-28 09:45:00,719
2023-01-28 10:00:00,810
2023-01-28 10:15:00,1920
2023-01-28 10:30:00,657
2023-01-28 10:45:00,665
2023-01-28 11:00:00,688
2023-01-28 11:15:00,715
2023-01-28 11:30:00,711
2023-01-28 11:45:00,589
2023-01-28 12:00:00,647
2023-01-28 12:15:00,621
2023-01-28 12:30:00,712
2023-01-28 12:45:00,671
2023-01-28 13:00:00,633
2023-01-28 13:15:00,552
2023-01-28 13:30:00,643
2023-01-28 13:45:00,628
2023-01-28 14:00:00,559
2023-01-28 14:15:00,419
2023-01-28 14:30:00,460
2023-01-28 14:45:00,451
2023-01-28 15:00:00,624
2023-01-28 15:15:00,578
2023-01-28 15:30:00,553
2023-01-28 15:45:00,509
2023-01-28 16:00:00,610
2023-01-28 16:15:00,503
2023-01-28 16:30:00,475
2023-01-28 16:45:00,456
2023-01-28 17:00:00,463
2023-01-28 17:15:00,514
2023-01-28 17:30:00,441
2023-01-28 17:45:00,389
2023-01-28 18:00:00,553
2023-01-28 18:15:00,522
2023-01-28 18:30:00,442
2023-01-28 18:45:00,384
2023-01-28 19:00:00,391
2023-01-28 19:15:00,334
2023-01-28 19:30:00,470
2023-01-28 19:45:00,361
2023-01-28 20:00:00,329
2023-01-28 20:15:00,315
2023-01-28 20:30:00,390
2023-01-28 20:45:00,375
2023-01-28 21:00:00,305
2023-01-28 21:15:00,274
2023-01-28 21:30:00,279
2023-01-28 21:45:00,264
2023-01-28 22:00:00,350
2023-01-28 22:15:00,215
2023-01-28 22:30:00,239
2023-01-28 22:45:00,260
2023-01-28 23:00:00,282
2023-01-28 23:15:00,200
2023-01-28 23:30:00,177
2023-01-28 23:45:00,165
2023-01-29 00:00:00,170
2023-01-29 00:15:00,155
2023-01-29 00:30:00,208
2023-01-29 00:45:00,149
2023-01-29 01:00:00,175
2023-01-29 01:15:00,152
2023-01-29 01:30:00,172
2023-01-29 01:45:00,133
2023-01-29 02:00:00,193
2023-01-29 02:15:00,192
2023-01-29 02:30:00,173
2023-01-29 02:45:00,169
2023-01-29 03:00:00,142
2023-01-29 03:15:00,155
2023-01-29 03:30:00,197
2023-01-29 03:45:00,202
2023-01-29 04:00:00,194
2023-01-29 04:15:00,185
2023-01-29 04:30:00,193
2023-01-29 04:45:00,169
2023-01-29 05:00:00,202
2023-01-29 05:15:00,197
2023-01-29 05:30:00,229
2023-01-29 05:45:00,235
2023-01-29 06:00:00,462
2023-01-29 06:15:00,405
2023-01-29 06:30:00,475
2023-01-29 06:45:00,455
2023-01-29 07:00:00,591
2023-01-29 07:15:00,439
2023-01-29 07:30:00,506
2023-01-29 07:45:00,548
2023-01-29 08:00:00,2050
2023-01-29 08:15:00,487
2023-01-29 08:30:00,2553
2023-01-29 08:45:00,596
2023-01-29 09:00:00,650
2023-01-29 09:15:00,527
2023-01-29 09:30:00,537
2023-01-29 09:45:00,501
2023-01-29 10:00:00,582
2023-01-29 10:15:00,513
2023-01-29 10:30:00,668
2023-01-29 10:45:00,553
2023-01-29 11:00:00,789
2023-01-29 11:15:00,596
2023-01-29 11:30:00,676
2023-01-29 11:45:00,654
2023-01-29 12:00:00,633
2023-01-29 12:15:00,644
2023-01-29 12:30:00,1196
2023-01-29 12:45:00,898
2023-01-29 13:00:00,675
2023-01-29 13:15:00,629
2023-01-29 13:30:00,689
2023-01-29 13:45:00,1191
2023-01-29 14:00:00,776
2023-01-29 14:15:00,595
2023-01-29 14:30:00,639
2023-01-29 14:45:00,648
2023-01-29 15:00:00,653
2023-01-29 15:15:00,568
2023-01-29 15:30:00,633
2023-01-29 15:45:00,643
2023-01-29 16:00:00,799
2023-01-29 16:15:00,1018
2023-01-29 16:30:00,1894
2023-01-29 16:45:00,1592
2023-01-29 17:00:00,781
2023-01-29 17:15:00,594
2023-01-29 17:30:00,1611
2023-01-29 17:45:00,638
2023-01-29 18:00:00,1685
2023-01-29 18:15:00,977
2023-01-29 18:30:00,1242
2023-01-29 18:45:00,1465
2023-01-29 19:00:00,645
2023-01-29 19:15:00,592
2023-01-29 19:30:00,623
2023-01-29 19:45:00,529
2023-01-29 20:00:00,1051
2023-01-29 20:15:00,795
2023-01-29 20:30:00,601
2023-01-29 20:45:00,457
2023-01-29 21:00:00,473
2023-01-29 21:15:00,431
2023-01-29 21:30:00,383
2023-01-29 21:45:00,358
2023-01-29 22:00:00,419
2023-01-29 22:15:00,569
2023-01-29 22:30:00,283
2023-01-29 22:45:00,258
2023-01-29 23:00:00,438
2023-01-29 23:15:00,326
2023-01-29 23:30:00,332
2023-01-29 23:45:00,261
2023-01-30 00:00:00,288
2023-01-30 00:15:00,235
2023-01-30 00:30:00,208
2023-01-30 00:45:00,219
2023-01-30 01:00:00,342
2023-01-30 01:15:00,231
2023-01-30 01:30:00,216
2023-01-30 01:45:00,243
2023-01-30 02:00:00,307
2023-01-30 02:15:00,265
2023-01-30 02:30:00,244
2023-01-30 02:45:00,225
2023-01-30 03:00:00,273
2023-01-30 03:15:00,266
2023-01-30 03:30:00,252
2023-01-30 03:45:00,247
2023-01-30 04:00:00,219
2023-01-30 04:15:00,213
2023-01-30 04:30:00,271
2023-01-30 04:45:00,204
2023-01-30 05:00:00,250
2023-01-30 05:15:00,233
2023-01-30 05:30:00,310
2023-01-30 05:45:00,303
2023-01-30 06:00:00,355
2023-01-30 06:15:00,303
2023-01-30 06:30:00,377
2023-01-30 06:45:00,499
2023-01-30 07:00:00,601
2023-01-30 07:15:00,508
2023-01-30 07:30:00,542
2023-01-30 07:45:00,608
2023-01-30 08:00:00,1327
2023-01-30 08:15:00,1120
2023-01-30 08:30:00,562
2023-01-30 08:45:00,905
2023-01-30 09:00:00,887
2023-01-30 09:15:00,645
2023-01-30 09:30:00,750
2023-01-30 09:45:00,786
2023-01-30 10:00:00,791
2023-01-30 10:15:00,663
2023-01-30 10:30:00,722
2023-01-30 10:45:00,765
2023-01-30 11:00:00,782
2023-01-30 11:15:00,846
2023-01-30 11:30:00,840
2023-01-30 11:45:00,748
2023-01-30 12:00:00,847
2023-01-30 12:15:00,683
2023-01-30 12:30:00,997
2023-01-30 12:45:00,673
2023-01-30 13:00:00,881
2023-01-30 13:15:00,1026
2023-01-30 13:30:00,917
2023-01-30 13:45:00,993
2023-01-30 14:00:00,1442
2023-01-30 14:15:00,2957
2023-01-30 14:30:00,1387
2023-01-30 14:45:00,935
2023-01-30 15:00:00,2296
2023-01-30 15:15:00,1866
2023-01-30 15:30:00,863
2023-01-30 15:45:00,911
2023-01-30 16:00:00,1344
2023-01-30 16:15:00,691
2023-01-30 16:30:00,727
2023-01-30 16:45:00,957
2023-01-30 17:00:00,718
2023-01-30 17:15:00,1635
2023-01-30 17:30:00,1385
2023-01-30 17:45:00,932
2023-01-30 18:00:00,1427
2023-01-30 18:15:00,1623
2023-01-30 18:30:00,1535
2023-01-30 18:45:00,732
2023-01-30 19:00:00,909
2023-01-30 19:15:00,702
2023-01-30 19:30:00,733
2023-01-30 19:45:00,600
2023-01-30 20:00:00,681
2023-01-30 20:15:00,566
2023-01-30 20:30:00,496
2023-01-30 20:45:00,575
2023-01-30 21:00:00,545
2023-01-30 21:15:00,499
2023-01-30 21:30:00,520
2023-01-30 21:45:00,502
2023-01-30 22:00:00,452
2023-01-30 22:15:00,314
2023-01-30 22:30:00,397
2023-01-30 22:45:00,408
2023-01-30 23:00:00,384
2023-01-30 23:15:00,426
2023-01-30 23:30:00,321
2023-01-30 23:45:00,318
2023-01-31 00:00:00,331
2023-01-31 00:15:00,291
2023-01-31 00:30:00,299
2023-01-31 00:45:00,371
2023-01-31 01:00:00,360
2023-01-31 01:15:00,321
2023-01-31 01:30:00,348
2023-01-31 01:45:00,307
2023-01-31 02:00:00,343
2023-01-31 02:15:00,346
2023-01-31 02:30:00,295
2023-01-31 02:45:00,295
2023-01-31 03:00:00,296
2023-01-31 03:15:00,295
2023-01-31 03:30:00,312
2023-01-31 03:45:00,306
2023-01-31 04:00:00,366
2023-01-31 04:15:00,349
2023-01-31 04:30:00,345
2023-01-31 04:45:00,399
2023-01-31 05:00:00,418
2023-01-31 05:15:00,379
2023-01-31 05:30:00,396
2023-01-31 05:45:00,508
2023-01-31 06:00:00,678
2023-01-31 06:15:00,490
2023-01-31 06:30:00,503
2023-01-31 06:45:00,529
2023-01-31 07:00:00,1322
2023-01-31 07:15:00,594
2023-01-31 07:30:00,627
2023-01-31 07:45:00,573
2023-01-31 08:00:00,811
2023-01-31 08:15:00,826
2023-01-31 08:30:00,659
2023-01-31 08:45:00,665
2023-01-31 09:00:00,832
2023-01-31 09:15:00,804
2023-01-31 09:30:00,923
2023-01-31 09:45:00,808
2023-01-31 10:00:00,912
2023-01-31 10:15:00,899
2023-01-31 10:30:00,875
2023-01-31 10:45:00,732
2023-01-31 11:00:00,807
2023-01-31 11:15:00,808
2023-01-31 11:30:00,1218
2023-01-31 11:45:00,861
2023-01-31 12:00:00,973
2023-01-31 12:15:00,1084
2023-01-31 12:30:00,824
2023-01-31 12:45:00,1187
2023-01-31 13:00:00,1115
2023-01-31 13:15:00,937
2023-01-31 13:30:00,920
2023-01-31 13:45:00,1140
2023-01-31 14:00:00,909
2023-01-31 14:15:00,1366
2023-01-31 14:30:00,1114
2023-01-31 14:45:00,889
2023-01-31 15:00:00,913
2023-01-31 15:15:00,1324
2023-01-31 15:30:00,988
2023-01-31 15:45:00,1321
2023-01-31 16:00:00,1999
2023-01-31 16:15:00,848
2023-01-31 16:30:00,1374
2023-01-31 16:45:00,890
2023-01-31 17:00:00,1091
2023-01-31 17:15:00,997
2023-01-31 17:30:00,1135
2023-01-31 17:45:00,896
2023-01-31 18:00:00,789
2023-01-31 18:15:00,607
2023-01-31 18:30:00,700
2023-01-31 18:45:00,686
2023-01-31 19:00:00,1016
2023-01-31 19:15:00,1914
2023-01-31 19:30:00,837
2023-01-31 19:45:00,586
2023-01-31 20:00:00,2072
2023-01-31 20:15:00,638
2023-01-31 20:30:00,557
2023-01-31 20:45:00,496
2023-01-31 21:00:00,431
2023-01-31 21:15:00,444
2023-01-31 21:30:00,376
2023-01-31 21:45:00,371
2023-01-31 22:00:00,305
2023-01-31 22:15:00,284
2023-01-31 22:30:00,313
2023-01-31 22:45:00,287
2023-01-31 23:00:00,295
2023-01-31 23:15:00,225
2023-01-31 23:30:00,253
2023-01-31 23:45:00,201
